Rk,Name,PlayerID,,,,Age,Tm,Lg,G,PA,ABâ–_,R,H,2B,3B,HR,RBI,SB,CS,BB,SO,BA,OBP,SLG,OPS,OPS+,TB,GDP,HBP,SH,SF,IBB,PosÂ Summary
1,DarinÂ Erstad*,erstada01,,,,26,ANA,AL,157,747,676,121,240,39,6,25,100,28,8,64,82,0.355,0.409,0.541,0.951,137,366,8,1,2,4,9,*78D/3
2,AndruwÂ Jones,jonesan01,,,,23,ATL,NL,161,729,656,122,199,36,6,36,104,21,6,59,100,0.303,0.366,0.541,0.907,126,355,12,9,0,5,0,*8
3,JohnnyÂ Damon*,damonjo01,,,,26,KCR,AL,159,741,655,136,214,42,10,16,88,46,9,65,60,0.327,0.382,0.495,0.877,118,324,7,1,8,12,4,*87D
4,NeifiÂ Perez#,perezne01,,,,27,COL,NL,162,699,651,92,187,39,11,10,71,3,6,30,63,0.287,0.314,0.427,0.741,69,278,9,0,7,11,6,*6
5,GarretÂ Anderson*,anderga01,,,,28,ANA,AL,159,681,647,92,185,40,3,35,117,7,6,24,87,0.286,0.307,0.519,0.827,103,336,21,0,1,9,5,*89D
6,DougÂ Glanville,glanvdo01,,,,29,PHI,NL,154,689,637,89,175,27,6,8,52,31,8,31,76,0.275,0.307,0.374,0.681,71,238,11,2,12,7,1,*8
7,GeraldÂ Williams,willige02,,,,33,TBD,AL,146,682,632,87,173,30,2,21,89,12,12,34,103,0.274,0.312,0.427,0.739,87,270,6,3,9,4,0,*8/D
8,CristianÂ Guzman#,guzmacr01,,,,22,MIN,AL,156,690,631,89,156,25,20,8,54,28,10,46,101,0.247,0.299,0.388,0.687,70,245,5,2,7,4,1,*6/D
9,TonyÂ Batista,batisto01,,,,26,TOR,AL,154,664,620,96,163,32,2,41,114,5,4,35,121,0.263,0.307,0.519,0.827,102,322,15,6,0,3,1,*5
10,LuisÂ Gonzalez*,gonzalu01,,,,32,ARI,NL,162,722,618,106,192,47,2,31,114,2,4,78,85,0.311,0.392,0.544,0.935,130,336,12,12,2,12,6,*7
11,MikeÂ Sweeney,sweenmi01,,,,26,KCR,AL,159,717,618,105,206,30,0,29,144,8,3,71,67,0.333,0.407,0.523,0.93,131,323,15,15,0,13,5,*3D
12,MarkÂ Grudzielanek,grudzma01,,,,30,LAD,NL,148,676,617,101,172,35,6,7,49,12,3,45,81,0.279,0.335,0.389,0.724,87,240,16,9,2,3,0,*4/6
13,TonyÂ Womack*,womacto01,,,,30,ARI,NL,146,659,617,95,167,21,14,7,57,45,11,30,74,0.271,0.307,0.384,0.692,71,237,6,5,2,5,0,*6/9
14,RayÂ Durham#,durhara01,,,,28,CHW,AL,151,709,614,121,172,35,9,17,75,25,13,75,105,0.28,0.361,0.45,0.81,103,276,13,7,5,8,0,*4
15,MoÂ Vaughn*,vaughmo01,,,,32,ANA,AL,161,712,614,93,167,31,0,36,117,2,0,79,181,0.272,0.365,0.498,0.864,115,306,14,14,0,5,11,*3D
16,OmarÂ Vizquel#,vizquom01,,,,33,CLE,AL,156,717,613,101,176,27,3,7,66,22,10,87,72,0.287,0.377,0.375,0.753,92,230,13,5,7,5,0,*6
17,JoeÂ Randa,randajo01,,,,30,KCR,AL,158,665,612,88,186,29,4,15,106,6,3,36,66,0.304,0.343,0.438,0.781,94,268,19,6,1,10,3,*5/D
18,RobertoÂ Alomar#,alomaro01,,,,32,CLE,AL,155,697,610,111,189,40,2,19,89,39,4,64,82,0.31,0.378,0.475,0.853,114,290,19,6,11,6,4,*4
19,ShawnÂ Green*,greensh01,,,,27,LAD,NL,162,714,610,98,164,44,4,24,99,24,5,90,121,0.269,0.367,0.472,0.839,116,288,18,8,0,6,9,*9/8
20,MiguelÂ Tejada,tejadmi01,,,,26,OAK,AL,160,681,607,105,167,32,1,30,115,6,0,66,102,0.275,0.349,0.479,0.828,111,291,15,4,2,2,6,*6
21,EricÂ Young,younger01,,,,33,CHC,NL,153,690,607,98,180,40,2,6,47,54,7,63,39,0.297,0.367,0.399,0.766,97,242,12,8,7,5,1,*4
22,JoseÂ Vidro#,vidrojo01,,,,25,MON,NL,153,663,606,101,200,51,2,24,97,5,4,49,69,0.33,0.379,0.54,0.918,126,327,17,2,0,6,4,*4
23,PrestonÂ Wilson,wilsopr01,,,,25,FLA,NL,161,674,605,94,160,35,3,31,121,36,14,55,187,0.264,0.331,0.486,0.817,109,294,11,8,0,6,1,*8
24,SammyÂ Sosa,sosasa01,,,,31,CHC,NL,156,705,604,106,193,38,1,50,138,7,4,91,168,0.32,0.406,0.634,1.04,161,383,12,2,0,8,19,*9/8
25,JoseÂ Cruz#,cruzjo02,,,,26,TOR,AL,162,681,603,91,146,32,5,31,76,15,5,71,129,0.242,0.323,0.466,0.789,95,281,11,2,2,3,3,*8
26,JermaineÂ Dye,dyeje01,,,,26,KCR,AL,157,679,601,107,193,41,2,33,118,0,1,69,99,0.321,0.39,0.561,0.951,135,337,12,3,0,6,6,*9D
27,JeffÂ Cirillo,cirilje01,,,,30,COL,NL,157,684,598,111,195,53,2,11,115,3,4,67,72,0.326,0.392,0.477,0.869,99,285,19,6,1,12,4,*5
28,AdamÂ Kennedy*,kennead01,,,,24,ANA,AL,156,641,598,82,159,33,11,9,72,22,8,28,73,0.266,0.3,0.403,0.703,75,241,10,3,8,4,5,*4
29,BobbyÂ Higginson*,higgibo02,,,,29,DET,AL,154,679,597,104,179,44,4,30,102,15,3,74,99,0.3,0.377,0.538,0.915,135,321,5,2,2,3,6,*7D
30,MarquisÂ Grissom,grissma02,,,,33,MIL,NL,146,640,595,67,145,18,2,14,62,20,10,39,99,0.244,0.288,0.351,0.64,63,209,9,0,2,4,2,*8
31,BenÂ Grieve*,grievbe01,,,,24,OAK,AL,158,675,594,92,166,40,1,27,104,3,0,73,130,0.279,0.359,0.487,0.845,116,289,32,3,0,5,2,*7D
32,DerekÂ Jeter,jeterde01,,,,26,NYY,AL,148,679,593,119,201,31,4,15,73,22,4,68,99,0.339,0.416,0.481,0.896,128,285,14,12,3,3,4,*6
33,JeffÂ Bagwell,bagweje01,,,,32,HOU,NL,159,719,590,152,183,37,1,47,132,9,6,107,116,0.31,0.424,0.615,1.039,152,363,19,15,0,7,11,*3/D
34,MagglioÂ Ordonez,ordonma01,,,,26,CHW,AL,153,665,588,102,185,34,3,32,126,18,4,60,64,0.315,0.371,0.546,0.917,127,321,28,2,0,15,3,*9
35,JeffÂ Kent,kentje01,,,,32,SFG,NL,159,695,587,114,196,41,7,33,125,12,9,90,107,0.334,0.424,0.596,1.021,162,350,17,9,0,9,6,*43
36,EricÂ Karros,karroer01,,,,32,LAD,NL,155,663,584,84,146,29,0,31,106,4,3,63,122,0.25,0.321,0.459,0.78,99,268,18,4,0,12,2,*3/D
37,TerrenceÂ Long*,longte01,,,,24,OAK,AL,138,631,584,104,168,34,4,18,80,5,0,43,77,0.288,0.336,0.452,0.788,101,264,18,1,0,3,1,*8
38,MikeÂ Bordick,bordimi01,,,,34,TOT,MLB,156,644,583,88,166,30,1,20,80,9,6,49,99,0.285,0.341,0.443,0.783,101,258,16,3,4,5,0,*6
39,DeiviÂ Cruz,cruzde01,,,,27,DET,AL,156,615,583,68,176,46,5,10,82,1,4,13,43,0.302,0.318,0.449,0.767,97,262,25,4,8,7,2,*6
40,EricÂ Owens,owenser01,,,,29,SDP,NL,145,636,583,87,171,19,7,6,51,29,14,45,63,0.293,0.346,0.381,0.727,90,222,16,4,0,4,4,*978/4
41,ShannonÂ Stewart,stewash01,,,,26,TOR,AL,136,631,583,107,186,43,5,21,69,20,5,37,79,0.319,0.363,0.518,0.882,118,302,12,6,1,4,1,*7/8
42,FrankÂ Thomas,thomafr04,,,,32,CHW,AL,159,707,582,115,191,44,0,43,143,1,3,112,94,0.328,0.436,0.625,1.061,163,364,13,5,0,8,18,*D3
43,ToddÂ Helton*,heltoto01,,,,26,COL,NL,160,697,580,138,216,59,2,42,147,5,3,103,61,0.372,0.463,0.698,1.162,163,405,12,4,0,10,22,*3
44,ChipperÂ Jones#,jonesch06,,,,28,ATL,NL,156,686,579,118,180,38,1,36,111,14,7,95,64,0.311,0.404,0.566,0.97,142,328,14,2,0,10,10,*5/6
45,JasonÂ Kendall,kendaja01,,,,26,PIT,NL,152,678,579,112,185,33,6,14,58,22,12,79,79,0.32,0.412,0.47,0.882,124,272,13,15,1,4,3,*2
46,BobbyÂ Abreu*,abreubo01,,,,26,PHI,NL,154,680,576,103,182,42,10,25,79,28,8,100,116,0.316,0.416,0.554,0.97,143,319,12,1,0,3,9,*9
47,DanteÂ Bichette,bicheda01,,,,36,TOT,MLB,155,636,575,80,169,32,2,23,90,5,2,49,91,0.294,0.35,0.477,0.826,105,274,21,4,1,7,3,*9D
48,TravisÂ Fryman,frymatr01,,,,31,CLE,AL,155,658,574,93,184,38,4,22,106,1,1,73,111,0.321,0.392,0.516,0.908,127,296,15,1,0,10,2,*5/3D
49,DavidÂ Segui#,seguida01,,,,33,TOT,AL,150,634,574,93,192,42,1,19,103,0,1,53,84,0.334,0.388,0.51,0.898,125,293,20,1,0,6,2,3D/9
50,CarlosÂ Lee,leeca01,,,,24,CHW,AL,152,619,572,107,172,29,2,24,92,13,4,38,94,0.301,0.345,0.484,0.829,106,277,17,3,1,5,1,*7/D
51,RonnieÂ Belliard,belliro01,,,,25,MIL,NL,152,667,571,83,150,30,9,8,54,7,5,82,84,0.263,0.354,0.389,0.743,91,222,12,3,4,7,4,*4
52,VladimirÂ Guerrero,guerrvl01,,,,25,MON,NL,154,641,571,101,197,28,11,44,123,9,10,58,74,0.345,0.41,0.664,1.074,162,379,15,8,0,4,23,*9/D
53,CarlosÂ Delgado*,delgaca01,,,,28,TOR,AL,162,711,569,115,196,57,1,41,137,0,1,123,104,0.344,0.47,0.664,1.134,181,378,12,15,0,4,18,*3
54,TinoÂ Martinez*,martiti02,,,,32,NYY,AL,155,632,569,69,147,37,4,16,91,4,1,52,74,0.258,0.328,0.422,0.749,89,240,16,8,0,3,9,*3
55,TimÂ Salmon,salmoti01,,,,31,ANA,AL,158,680,568,108,165,36,2,34,97,0,2,104,139,0.29,0.404,0.54,0.945,135,307,14,6,0,2,5,*9D
56,JoseÂ Valentin#,valenjo03,,,,30,CHW,AL,144,648,568,107,155,37,6,25,92,19,2,59,106,0.273,0.343,0.491,0.835,107,279,11,4,13,4,1,*6/9
57,FredÂ McGriff*,mcgrifr01,,,,36,TBD,AL,158,664,566,82,157,18,0,27,106,2,0,91,120,0.277,0.373,0.452,0.826,110,256,16,0,0,7,10,*3D
58,PaulÂ O'Neill*,o'neipa01,,,,37,NYY,AL,142,628,566,79,160,26,0,18,100,14,9,51,90,0.283,0.336,0.424,0.76,92,240,17,0,0,11,2,*9/D
59,JayÂ Bell,bellja01,,,,34,ARI,NL,149,649,565,87,151,30,6,18,68,7,3,70,88,0.267,0.348,0.437,0.786,94,247,7,3,6,5,0,*4/D
60,JohnÂ Olerud*,olerujo01,,,,31,SEA,AL,159,683,565,84,161,45,0,14,103,0,2,102,96,0.285,0.392,0.439,0.831,117,248,17,4,2,10,11,*3
61,RafaelÂ Palmeiro*,palmera01,,,,35,TEX,AL,158,678,565,102,163,29,3,39,120,2,1,103,77,0.288,0.397,0.558,0.954,138,315,14,3,0,7,17,3D
62,JeromyÂ Burnitz*,burnije01,,,,31,MIL,NL,161,686,564,91,131,29,2,31,98,6,4,99,121,0.232,0.356,0.456,0.811,106,257,12,14,0,9,10,*9/D
63,TroyÂ Glaus,glaustr01,,,,23,ANA,AL,159,678,563,120,160,37,1,47,102,14,11,112,163,0.284,0.404,0.604,1.008,150,340,14,2,0,1,6,*5/6D
64,EdgarÂ Renteria,renteed01,,,,23,STL,NL,150,643,562,94,156,32,1,16,76,21,13,63,77,0.278,0.346,0.423,0.77,93,238,19,1,8,9,3,*6
65,DelinoÂ DeShields*,deshide01,,,,31,BAL,AL,151,643,561,84,166,43,5,10,86,37,10,69,82,0.296,0.369,0.444,0.813,110,249,16,1,3,9,2,47D/8
66,MattÂ Lawton*,lawtoma02,,,,28,MIN,AL,156,664,561,84,171,44,2,13,88,23,7,91,63,0.305,0.405,0.46,0.865,116,258,10,7,0,5,8,*97/D8
67,MarvinÂ Benard*,benarma01,,,,29,SFG,NL,149,633,560,102,147,27,6,12,55,22,7,63,97,0.263,0.342,0.396,0.739,92,222,4,6,2,2,0,*897
68,BillÂ Mueller#,muellbi02,,,,29,SFG,NL,153,631,560,97,150,29,4,10,55,4,2,52,62,0.268,0.333,0.388,0.721,87,217,16,6,7,6,0,*5/4
69,AlbertÂ Belle,belleal01,,,,33,BAL,AL,141,622,559,71,157,37,1,23,103,0,5,52,68,0.281,0.342,0.474,0.817,109,265,17,4,0,7,11,*9D
70,BrianÂ Giles*,gilesbr02,,,,29,PIT,NL,156,688,559,111,176,37,7,35,123,6,0,114,69,0.315,0.432,0.594,1.026,157,332,15,7,0,8,13,*879
71,RichardÂ Hidalgo,hidalri01,,,,25,HOU,NL,153,644,558,118,175,42,3,44,122,13,6,56,110,0.314,0.391,0.636,1.028,147,355,13,21,0,9,3,*897
72,JimÂ Thome*,thomeji01,,,,29,CLE,AL,158,684,557,106,150,33,1,37,106,1,0,118,171,0.269,0.398,0.531,0.929,132,296,8,4,0,5,4,3D
73,EdgarÂ Martinez,martied01,,,,37,SEA,AL,153,665,556,100,180,31,0,37,145,3,0,96,95,0.324,0.423,0.579,1.002,158,322,13,5,0,8,8,*D/3
74,AlexÂ Rodriguez,rodrial01,,,,24,SEA,AL,148,672,554,134,175,34,2,41,132,15,4,100,121,0.316,0.42,0.606,1.026,163,336,10,7,0,11,5,*6
75,DmitriÂ Young#,youngdm01,,,,26,CIN,NL,152,593,548,68,166,37,6,18,88,0,3,36,80,0.303,0.346,0.491,0.837,107,269,16,3,1,5,6,*73/D9
76,JuanÂ Encarnacion,encarju01,,,,24,DET,AL,141,590,547,75,158,25,6,14,72,16,4,29,90,0.289,0.33,0.433,0.764,97,237,15,7,3,4,1,*8
77,DerekÂ Bell,bellde01,,,,31,NYM,NL,144,622,546,87,145,31,1,18,69,8,4,65,125,0.266,0.348,0.425,0.773,98,232,14,6,2,3,0,*9/81
78,EdgardoÂ Alfonzo,alfoned01,,,,26,NYM,NL,150,650,544,109,176,40,2,25,94,3,2,95,70,0.324,0.425,0.542,0.967,147,295,12,5,0,6,1,*4/D
79,RonÂ Coomer,coomero01,,,,33,MIN,AL,140,589,544,64,147,29,1,16,82,2,0,36,50,0.27,0.317,0.415,0.733,81,226,25,4,0,5,2,*3/D5
80,ToddÂ Zeile,zeileto01,,,,34,NYM,NL,153,623,544,67,146,36,3,22,79,3,4,74,85,0.268,0.356,0.467,0.823,110,254,15,2,0,3,4,*3
81,MikeÂ Cameron,camermi01,,,,27,SEA,AL,155,643,543,96,145,28,4,19,78,24,7,78,133,0.267,0.365,0.438,0.803,108,238,10,9,7,6,0,*8/9
82,KennyÂ Lofton*,loftoke01,,,,33,CLE,AL,137,640,543,107,151,23,5,15,73,30,7,79,72,0.278,0.369,0.422,0.791,100,229,11,4,6,8,3,*8/D
83,LuisÂ Alicea#,alicelu01,,,,34,TEX,AL,139,619,540,85,159,25,8,6,63,1,3,59,75,0.294,0.365,0.404,0.769,95,218,13,5,7,7,1,*4/5D6
84,LuisÂ Castillo#,castilu01,,,,24,FLA,NL,136,626,539,101,180,17,3,2,17,62,22,78,86,0.334,0.418,0.388,0.806,111,209,11,0,9,0,0,*4
85,SteveÂ Finley*,finlest01,,,,35,ARI,NL,152,623,539,100,151,27,5,35,96,12,6,65,87,0.28,0.361,0.544,0.904,121,293,9,8,2,9,7,*8/D
86,B.J.Â Surhoff*,surhob.01,,,,35,TOT,MLB,147,587,539,69,157,36,2,14,68,10,2,41,58,0.291,0.344,0.443,0.787,101,239,10,3,2,2,3,*7/D
87,PhilÂ Nevin,nevinph01,,,,29,SDP,NL,143,605,538,87,163,34,1,31,107,2,0,59,121,0.303,0.374,0.543,0.916,136,292,17,4,0,4,9,*5
88,RichieÂ Sexson,sexsori01,,,,25,TOT,MLB,148,607,537,89,146,30,1,30,91,2,0,59,159,0.272,0.349,0.499,0.848,112,268,11,7,0,4,2,37D
89,BernieÂ Williams#,willibe02,,,,31,NYY,AL,141,616,537,108,165,37,6,30,121,13,5,71,84,0.307,0.391,0.566,0.957,140,304,15,5,0,3,11,*8/D
90,J.T.Â Snow*,snowj.01,,,,32,SFG,NL,155,627,536,82,152,33,2,19,96,1,3,66,129,0.284,0.365,0.459,0.824,113,246,20,11,0,14,6,*3
91,MarkÂ Kotsay*,kotsama01,,,,24,FLA,NL,152,578,530,87,158,31,5,12,57,19,9,42,46,0.298,0.347,0.443,0.791,103,235,17,0,2,4,2,*9/83
92,NomarÂ Garciaparra,garcino01,,,,26,BOS,AL,140,599,529,104,197,51,3,21,96,5,2,61,50,0.372,0.434,0.599,1.033,156,317,8,2,0,7,20,*6/D
93,TomÂ Goodwin*,goodwto01,,,,31,TOT,NL,147,606,528,94,139,11,9,6,58,55,10,68,117,0.263,0.346,0.352,0.698,69,186,7,1,5,4,2,*87
94,WarrenÂ Morris*,morriwa02,,,,26,PIT,NL,144,606,528,68,137,31,2,3,43,7,10,65,78,0.259,0.341,0.343,0.684,75,181,7,2,8,3,3,*4
95,LgAvg per 600 PA,,,,,,,,194,600,528,78,142,28,3,18,74,9,4,57,100,0.269,0.343,0.434,0.777,,229,12,5,5,5,4,
96,AlexÂ Gonzalez,gonzaal01,,,,27,TOR,AL,141,591,527,68,133,31,2,15,69,4,4,43,113,0.252,0.313,0.404,0.717,78,213,14,4,16,1,0,*6
97,JimÂ Edmonds*,edmonji01,,,,30,STL,NL,152,643,525,129,155,25,0,42,108,10,3,103,167,0.295,0.411,0.583,0.994,147,306,5,6,1,8,3,*8/3
98,DavidÂ Justice*,justida01,,,,34,TOT,AL,146,606,524,89,150,31,1,41,118,2,1,77,91,0.286,0.377,0.584,0.961,139,306,13,1,0,3,3,79D/8
99,PaulÂ Konerko,konerpa01,,,,24,CHW,AL,143,586,524,84,156,31,1,21,97,1,0,47,72,0.298,0.363,0.481,0.844,111,252,22,10,0,5,0,*3/5D
100,DeanÂ Palmer,palmede01,,,,31,DET,AL,145,604,524,73,134,22,2,29,102,4,2,66,146,0.256,0.338,0.471,0.809,108,247,9,4,0,10,2,*53D
101,BradÂ Ausmus,ausmubr01,,,,31,DET,AL,150,604,523,75,139,25,3,7,51,11,5,69,79,0.266,0.357,0.365,0.722,89,191,19,6,4,2,0,*2/345
102,JacqueÂ Jones*,jonesja05,,,,25,MIN,AL,154,552,523,66,149,26,5,19,76,7,5,26,111,0.285,0.319,0.463,0.781,92,242,17,0,1,0,4,*78/9
103,KenÂ GriffeyÂ Jr.*,griffke02,,,,30,CIN,NL,145,631,520,100,141,22,3,40,118,6,4,94,117,0.271,0.387,0.556,0.942,133,289,7,9,0,8,17,*8
104,PeterÂ Bergeron*,bergepe01,,,,22,MON,NL,148,592,518,80,127,25,7,5,31,11,13,58,100,0.245,0.32,0.349,0.669,67,181,4,0,14,2,0,*87
105,PokeyÂ Reese,reesepo01,,,,27,CIN,NL,135,577,518,76,132,20,6,12,46,29,3,45,86,0.255,0.319,0.386,0.705,76,200,8,6,3,5,5,*4
106,RoyceÂ Clayton,claytro01,,,,30,TEX,AL,148,573,513,70,124,21,5,14,54,11,7,42,92,0.242,0.301,0.384,0.685,72,197,21,3,12,3,1,*6
107,TroyÂ O'Leary*,o'leatr01,,,,30,BOS,AL,138,563,513,68,134,30,4,13,70,0,2,44,76,0.261,0.32,0.411,0.731,82,211,12,2,0,4,2,*7
108,GeoffÂ Jenkins*,jenkige01,,,,25,MIL,NL,135,564,512,100,155,36,4,34,94,11,1,33,135,0.303,0.36,0.588,0.948,137,301,9,15,0,4,6,*7
109,ChrisÂ Singleton*,singlch01,,,,27,CHW,AL,147,566,511,83,130,22,5,11,62,22,7,35,85,0.254,0.301,0.382,0.683,71,195,6,1,12,4,2,*87/D
110,AdrianÂ Beltre,beltrad01,,,,21,LAD,NL,138,575,510,71,148,30,2,20,85,12,5,56,80,0.29,0.36,0.475,0.835,114,242,13,2,3,4,2,*5/6
111,JasonÂ Giambi*,giambja01,,,,29,OAK,AL,152,664,510,108,170,29,1,43,137,2,0,137,96,0.333,0.476,0.647,1.123,187,330,9,9,0,8,6,*3D
112,MarkÂ Grace*,gracema01,,,,36,CHC,NL,143,621,510,75,143,41,1,11,82,1,2,95,28,0.28,0.394,0.429,0.824,111,219,7,6,2,8,11,*3
113,RichÂ Aurilia,aurilri01,,,,28,SFG,NL,141,571,509,67,138,24,2,20,79,1,2,54,90,0.271,0.339,0.444,0.783,102,226,15,0,4,4,2,*6
114,ReyÂ Sanchez,sanchre01,,,,32,KCR,AL,143,555,509,68,139,18,2,1,38,7,3,28,55,0.273,0.314,0.322,0.637,61,164,17,4,11,3,0,*6
115,MikeÂ Lowell,lowelmi01,,,,26,FLA,NL,140,583,508,73,137,38,0,22,91,4,0,54,75,0.27,0.344,0.474,0.818,110,241,4,9,0,11,4,*5
116,BradyÂ Anderson*,anderbr01,,,,36,BAL,AL,141,618,506,89,130,26,0,19,50,16,9,92,103,0.257,0.375,0.421,0.796,106,213,4,8,5,7,5,*897D
117,JorgeÂ Posada#,posadjo01,,,,28,NYY,AL,151,624,505,92,145,35,1,28,86,2,2,107,151,0.287,0.417,0.527,0.943,139,266,11,8,0,4,10,*23/D
118,MikeÂ Lansing,lansimi01,,,,32,TOT,MLB,139,548,504,72,121,18,6,11,60,8,2,38,75,0.24,0.292,0.365,0.657,54,184,20,0,3,3,2,*4/5
119,EricÂ Chavez*,chaveer01,,,,22,OAK,AL,153,569,501,89,139,23,4,26,86,2,2,62,94,0.277,0.355,0.495,0.85,117,248,9,1,0,5,8,*5/6D
120,GaryÂ Sheffield,sheffga01,,,,31,LAD,NL,141,612,501,105,163,24,3,43,109,4,6,101,71,0.325,0.438,0.643,1.081,176,322,13,4,0,6,7,*7/D
121,MarkÂ Quinn,quinnma01,,,,26,KCR,AL,135,544,500,76,147,33,2,20,78,5,2,35,91,0.294,0.342,0.488,0.83,105,244,11,3,3,3,1,7D/98
122,WilÂ Cordero,cordewi01,,,,28,TOT,MLB,127,536,496,64,137,35,5,16,68,1,2,32,76,0.276,0.328,0.464,0.792,98,230,18,7,0,1,1,*7/D
123,CarlÂ Everett#,evereca01,,,,29,BOS,AL,137,561,496,82,149,32,4,34,108,11,4,52,113,0.3,0.373,0.587,0.959,136,291,4,8,0,5,5,*8/D
124,KevinÂ Young,youngke01,,,,31,PIT,NL,132,541,496,77,128,27,0,20,88,8,3,32,96,0.258,0.311,0.433,0.744,86,215,15,8,0,5,1,*3/D
125,DamonÂ Buford,buforda01,,,,30,CHC,NL,150,556,495,64,124,18,3,15,48,4,6,47,118,0.251,0.324,0.39,0.714,82,193,9,8,4,2,3,*8/97
126,BrianÂ Daubach*,daubabr01,,,,28,BOS,AL,142,549,495,55,123,32,2,21,76,1,1,44,130,0.248,0.315,0.448,0.764,89,222,6,6,0,4,2,3D/759
127,AndresÂ Galarraga,galaran01,,,,39,ATL,NL,141,548,494,67,149,25,1,28,100,3,5,36,126,0.302,0.369,0.526,0.895,123,260,15,17,0,1,5,*3/D
128,RyanÂ Klesko*,kleskry01,,,,29,SDP,NL,145,590,494,88,140,33,2,26,92,23,7,91,81,0.283,0.393,0.516,0.909,136,255,10,1,0,4,9,*3/79
129,MikeÂ Lamb*,lambmi01,,,,24,TEX,AL,138,538,493,65,137,25,2,6,47,0,2,34,60,0.278,0.328,0.373,0.702,77,184,10,4,5,2,6,*5/D
130,BrianÂ Jordan,jordabr01,,,,33,ATL,NL,133,537,489,71,129,26,0,17,77,10,2,38,80,0.264,0.32,0.421,0.742,86,206,12,5,0,5,1,*9
131,JayÂ Payton,paytoja01,,,,27,NYM,NL,149,529,488,63,142,23,1,17,62,5,11,30,60,0.291,0.331,0.447,0.778,98,218,9,3,0,8,0,*8/7
132,FernandoÂ Vina*,vinafe01,,,,31,STL,NL,123,554,487,81,146,24,6,4,31,10,8,36,36,0.3,0.38,0.398,0.779,97,194,5,28,2,1,0,*4
133,RandyÂ Velarde,velarra01,,,,37,OAK,AL,122,546,485,82,135,23,0,12,41,9,3,54,95,0.278,0.354,0.4,0.754,95,194,15,3,3,1,0,*4
134,ScottÂ Rolen,rolensc01,,,,25,PHI,NL,128,541,483,88,144,32,6,26,89,8,1,51,99,0.298,0.37,0.551,0.92,129,266,4,5,0,2,9,*5
135,BradÂ Fullmer*,fullmbr01,,,,25,TOR,AL,133,524,482,76,142,29,1,32,104,3,1,30,68,0.295,0.34,0.558,0.898,120,269,14,6,0,6,3,*D/3
136,MikeÂ Piazza,piazzmi01,,,,31,NYM,NL,136,545,482,90,156,26,0,38,113,4,2,58,69,0.324,0.398,0.614,1.012,155,296,15,3,0,2,10,*2/D
137,JavyÂ Lopez,lopezja01,,,,29,ATL,NL,134,525,481,60,138,21,1,24,89,0,0,35,80,0.287,0.337,0.484,0.822,105,233,20,4,0,5,3,*2
138,MarkÂ McLemore#,mclemma01,,,,35,SEA,AL,138,578,481,72,118,23,1,3,46,30,14,81,78,0.245,0.353,0.316,0.669,77,152,12,1,11,4,2,*47/8
139,BarryÂ Bonds*,bondsba01,,,,35,SFG,NL,143,607,480,129,147,28,4,49,106,11,3,117,77,0.306,0.44,0.688,1.127,188,330,6,3,0,7,22,*7
140,SeanÂ Casey*,caseyse01,,,,25,CIN,NL,133,545,480,69,151,33,2,20,85,1,0,52,80,0.315,0.385,0.517,0.902,124,248,16,7,0,6,4,*3
141,AlÂ Martin*,martial03,,,,32,TOT,MLB,135,523,480,81,137,15,10,15,36,10,9,36,85,0.285,0.338,0.452,0.791,104,217,3,4,0,3,5,*7/98D
142,DerrekÂ Lee,leede02,,,,24,FLA,NL,158,546,477,70,134,18,3,28,70,0,3,63,123,0.281,0.368,0.507,0.875,124,242,14,4,0,2,6,*3
143,MattÂ Stairs*,stairma01,,,,32,OAK,AL,143,562,476,74,108,26,0,21,81,5,2,78,122,0.227,0.333,0.414,0.747,92,197,7,1,1,6,4,9D/38
144,CoreyÂ Koskie*,koskico01,,,,27,MIN,AL,146,559,474,79,142,32,4,9,65,5,4,77,104,0.3,0.4,0.441,0.841,110,209,11,4,1,3,7,*5/D
145,BengieÂ Molina,molinbe01,,,,25,ANA,AL,130,513,473,59,133,20,2,14,71,1,0,23,33,0.281,0.318,0.421,0.739,84,199,17,6,4,7,0,*2/D
146,ScottÂ Brosius,brosisc01,,,,33,NYY,AL,135,519,470,57,108,20,0,16,64,0,3,45,73,0.23,0.299,0.374,0.673,70,176,17,2,0,2,1,*5/3D79
147,DamianÂ Jackson,jacksda04,,,,26,SDP,NL,138,541,470,68,120,27,6,6,37,28,6,62,108,0.255,0.345,0.377,0.721,89,177,7,3,4,2,2,647
148,RobinÂ Ventura*,venturo01,,,,32,NYM,NL,141,551,469,61,109,23,1,24,84,3,5,75,91,0.232,0.338,0.439,0.777,98,206,14,2,1,4,12,*5/3
149,RickyÂ Ledee*,ledeeri01,,,,26,TOT,AL,137,531,467,59,110,19,5,13,77,13,6,59,98,0.236,0.322,0.381,0.703,78,178,17,2,0,3,4,*79D/8
150,DamionÂ Easley,easleda01,,,,30,DET,AL,126,535,464,76,120,27,2,14,58,13,4,55,79,0.259,0.35,0.416,0.766,99,193,11,11,4,1,1,*4
151,BretÂ Boone,boonebr01,,,,31,SDP,NL,127,525,463,61,116,18,2,19,74,8,4,50,97,0.251,0.326,0.421,0.747,94,195,11,5,0,7,7,*4
152,PatÂ Meares,mearepa01,,,,31,PIT,NL,132,514,462,55,111,22,2,13,47,1,0,36,91,0.24,0.305,0.381,0.685,73,176,13,8,5,3,6,*6
153,JuanÂ Gonzalez,gonzaju03,,,,30,DET,AL,115,496,461,69,133,30,2,22,67,1,2,32,84,0.289,0.337,0.505,0.842,116,233,13,2,0,1,3,9D
154,GregÂ Vaughn,vaughgr01,,,,34,TBD,AL,127,545,461,83,117,27,1,28,74,8,1,80,128,0.254,0.365,0.499,0.864,119,230,10,2,0,2,3,7D
155,DaveÂ Martinez*,martida01,,,,35,TOT,MLB,132,513,457,60,125,19,5,5,47,8,7,50,73,0.274,0.346,0.37,0.716,82,169,12,2,1,3,3,*93/78
156,RafaelÂ Furcal#,furcara02,,,,22,ATL,NL,131,542,455,87,134,20,4,4,37,40,14,73,80,0.295,0.394,0.382,0.776,98,174,2,3,9,2,0,*64
157,MoisesÂ Alou,aloumo01,,,,33,HOU,NL,126,517,454,82,161,28,2,30,114,3,3,52,45,0.355,0.416,0.623,1.039,151,283,21,2,0,9,4,*97/D
158,DavidÂ Bell,bellda01,,,,27,SEA,AL,133,512,454,57,112,24,2,11,47,2,3,42,66,0.247,0.316,0.381,0.697,81,173,11,6,6,4,0,54/3D6
159,JeffreyÂ Hammonds,hammoje01,,,,29,COL,NL,122,511,454,94,152,24,2,20,106,14,7,44,83,0.335,0.395,0.529,0.924,111,240,11,5,2,6,4,*97/8
160,JoseÂ Offerman#,offerjo01,,,,31,BOS,AL,116,527,451,73,115,14,3,9,41,0,8,70,70,0.255,0.354,0.359,0.713,80,162,9,1,2,3,0,43/D
161,RickyÂ Gutierrez,gutieri01,,,,30,CHC,NL,125,542,449,73,124,19,2,11,56,8,2,66,58,0.276,0.375,0.401,0.775,99,180,10,7,16,4,0,*6
162,LeeÂ Stevens*,stevele01,,,,32,MON,NL,123,501,449,60,119,27,2,22,75,0,0,48,105,0.265,0.337,0.481,0.818,101,216,10,2,0,2,6,*3
163,JasonÂ Varitek#,varitja01,,,,28,BOS,AL,139,519,448,55,111,31,1,10,65,1,1,60,84,0.248,0.342,0.388,0.73,83,174,16,6,1,4,3,*2/D
164,JoseÂ Hernandez,hernajo01,,,,30,MIL,NL,124,496,446,51,109,22,1,11,59,3,7,41,125,0.244,0.315,0.372,0.687,75,166,12,6,0,3,3,56/7
165,GabeÂ Kapler,kaplega01,,,,24,TEX,AL,116,491,444,59,134,32,1,14,66,8,4,42,57,0.302,0.36,0.473,0.833,109,210,12,0,2,3,2,*89
166,MannyÂ Ramirez,ramirma02,,,,28,CLE,AL,118,532,439,92,154,34,2,38,122,1,1,86,117,0.351,0.457,0.697,1.154,186,306,9,3,0,4,9,9D
167,ToddÂ Hollandsworth*,hollato01,,,,27,TOT,NL,137,471,428,81,115,20,0,19,47,18,7,41,99,0.269,0.333,0.449,0.782,91,192,8,1,0,1,3,*879
168,WillÂ Clark*,clarkwi02,,,,36,TOT,MLB,130,507,427,78,136,30,2,21,70,5,2,69,69,0.319,0.418,0.546,0.964,145,233,7,7,0,4,3,*3/D
169,TrotÂ Nixon*,nixontr01,,,,26,BOS,AL,123,502,427,66,118,27,8,12,60,8,1,63,85,0.276,0.368,0.461,0.83,107,197,11,2,5,5,2,*9/8D
170,RonÂ Gant,gantro01,,,,35,TOT,MLB,123,487,425,69,106,19,3,26,54,6,6,56,91,0.249,0.335,0.492,0.827,106,209,7,1,1,4,1,7D
171,RubenÂ Rivera,riverru01,,,,26,SDP,NL,135,479,423,62,88,18,6,17,57,8,4,44,137,0.208,0.296,0.4,0.696,80,169,8,10,0,2,1,*8/7
172,OrlandoÂ Cabrera,cabreor01,,,,25,MON,NL,125,454,422,47,100,25,1,13,55,4,4,25,28,0.237,0.279,0.393,0.673,66,166,12,1,3,3,3,*6/4
173,CharlesÂ Johnson,johnsch04,,,,28,TOT,AL,128,478,421,76,128,24,0,31,91,2,0,52,106,0.304,0.379,0.582,0.961,142,245,8,1,1,3,0,*2/D
174,CliffÂ Floyd*,floydcl01,,,,27,FLA,NL,121,487,420,75,126,30,0,22,91,24,3,50,82,0.3,0.378,0.529,0.906,132,222,4,8,0,9,5,7/D
175,RickeyÂ Henderson,henderi01,,,,41,TOT,MLB,123,519,420,75,98,14,2,4,32,36,11,88,75,0.233,0.368,0.305,0.673,78,128,11,4,3,4,1,*7/D
176,JulioÂ Lugo,lugoju01,,,,24,HOU,NL,116,465,420,78,119,22,5,10,40,22,9,37,93,0.283,0.346,0.431,0.777,90,181,9,4,3,1,0,64/798
177,RamonÂ Hernandez,hernara02,,,,24,OAK,AL,143,479,419,52,101,19,0,14,62,1,0,38,64,0.241,0.311,0.387,0.698,79,162,14,7,10,5,1,*2
178,MikeÂ Matheny,mathemi01,,,,29,STL,NL,128,464,417,43,109,22,1,6,47,0,0,32,96,0.261,0.317,0.362,0.679,71,151,11,4,7,4,8,*2/3
179,DarrinÂ Fletcher*,fletcda01,,,,33,TOR,AL,122,445,416,43,133,19,1,20,58,1,0,20,45,0.32,0.355,0.514,0.869,115,214,8,5,0,4,3,*2/D
180,DavidÂ Ortiz*,ortizda01,,,,24,MIN,AL,130,478,415,59,117,36,1,10,63,1,0,57,81,0.282,0.364,0.446,0.81,101,185,13,0,0,6,2,D3
181,MelvinÂ Mora,morame01,,,,28,TOT,MLB,132,464,414,60,114,22,5,8,47,12,11,35,80,0.275,0.337,0.411,0.748,92,170,5,6,4,5,3,687/459
182,HerbertÂ Perry,perryhe01,,,,30,TOT,AL,116,450,411,71,124,30,1,12,62,4,1,24,75,0.302,0.35,0.467,0.818,104,192,13,9,2,4,1,*5/3D
183,DesiÂ Relaford#,relafde01,,,,26,TOT,NL,128,502,410,55,88,14,3,5,46,13,0,75,71,0.215,0.351,0.3,0.651,69,123,10,12,3,2,7,*6
184,JeffÂ Conine,coninje01,,,,34,BAL,AL,119,452,409,53,116,20,2,13,46,4,3,36,53,0.284,0.341,0.438,0.779,100,179,14,2,0,4,1,53D9/7
185,MickeyÂ Morandini*,moranmi01,,,,34,TOT,MLB,126,457,409,41,105,15,4,0,29,6,2,36,77,0.257,0.322,0.313,0.635,62,128,13,4,7,1,1,*4
186,PatÂ Burrell,burrepa01,,,,23,PHI,NL,111,474,408,57,106,27,1,18,79,0,0,63,139,0.26,0.359,0.463,0.822,106,189,5,1,0,2,2,37/D
187,J.D.Â Drew*,drewj.01,,,,24,STL,NL,135,486,407,73,120,17,2,18,57,17,9,67,99,0.295,0.401,0.479,0.88,121,195,3,6,5,1,4,*987
188,TravisÂ Lee*,leetr01,,,,25,TOT,NL,128,473,404,53,95,24,1,9,54,8,1,65,79,0.235,0.342,0.366,0.709,78,148,12,2,0,2,1,397/8
189,ChuckÂ Knoblauch,knoblch01,,,,31,NYY,AL,102,457,400,75,113,22,2,5,26,15,7,46,45,0.283,0.366,0.385,0.751,92,154,6,8,1,2,0,4D
190,BarryÂ Larkin,larkiba01,,,,36,CIN,NL,102,447,396,71,124,26,5,11,41,14,6,48,31,0.313,0.389,0.487,0.876,118,193,10,1,2,0,0,6/D
191,JohnÂ Flaherty,flahejo01,,,,32,TBD,AL,109,418,394,36,103,15,0,10,39,0,0,20,57,0.261,0.296,0.376,0.671,71,148,11,0,2,2,2,2
192,RustyÂ Greer*,greerru01,,,,31,TEX,AL,105,453,394,65,117,34,3,8,65,4,1,51,61,0.297,0.377,0.459,0.837,111,181,14,3,0,5,1,7/D
193,EllisÂ Burks,burksel01,,,,35,SFG,NL,122,458,393,74,135,21,5,24,96,5,1,56,49,0.344,0.419,0.606,1.025,163,238,10,1,0,8,5,9/D
194,RayÂ Lankford*,lankfra01,,,,33,STL,NL,128,472,392,73,99,16,3,26,65,5,6,70,148,0.253,0.367,0.508,0.874,117,199,6,4,0,6,1,*7/8D
195,MikeÂ Lieberthal,liebemi01,,,,28,PHI,NL,108,438,389,55,108,30,0,15,71,2,0,40,53,0.278,0.352,0.47,0.822,106,183,12,6,0,3,3,2
196,RaulÂ Mondesi,mondera01,,,,29,TOR,AL,96,426,388,78,105,22,2,24,67,22,6,32,73,0.271,0.329,0.523,0.852,109,203,8,3,0,3,0,9
197,AlexÂ Gonzalez,gonzaal02,,,,23,FLA,NL,109,407,385,35,77,17,4,7,42,7,1,13,77,0.2,0.229,0.319,0.548,40,123,7,2,5,2,0,6
198,CraigÂ Paquette,paquecr01,,,,31,STL,NL,134,420,384,47,94,24,2,15,61,4,3,27,83,0.245,0.294,0.435,0.728,80,167,5,2,1,6,1,53794
199,JohnÂ VanderÂ Wal*,vandejo02,,,,34,PIT,NL,134,461,384,74,115,29,0,24,94,11,2,72,92,0.299,0.41,0.563,0.972,144,216,7,2,0,3,5,937/D
200,ChrisÂ Stynes,stynech01,,,,27,CIN,NL,119,420,380,71,127,24,1,12,40,5,2,32,54,0.334,0.386,0.497,0.883,120,189,5,2,3,3,2,54/79
201,CraigÂ Biggio,biggicr01,,,,34,HOU,NL,101,466,377,67,101,13,5,8,35,12,2,61,73,0.268,0.388,0.393,0.78,93,148,10,16,7,5,3,4
202,MiguelÂ Cairo,cairomi01,,,,26,TBD,AL,119,417,375,49,98,18,2,1,34,28,7,29,34,0.261,0.314,0.328,0.642,65,123,7,2,6,5,0,4/D
203,DennyÂ Hocking#,hockide01,,,,30,MIN,AL,134,433,373,52,111,24,4,4,47,7,5,48,77,0.298,0.373,0.416,0.789,97,155,2,0,7,5,1,4895763/D
204,CarlosÂ Beltran#,beltrca01,,,,23,KCR,AL,98,413,372,49,92,15,4,7,44,13,0,35,69,0.247,0.309,0.366,0.675,69,136,12,0,2,4,2,8/D97
205,MattÂ Williams,willima04,,,,34,ARI,NL,96,397,371,43,102,18,2,12,47,1,2,20,51,0.275,0.315,0.431,0.746,83,160,11,3,0,3,1,5/D
206,CharlieÂ Hayes,hayesch01,,,,35,MIL,NL,121,435,370,46,93,17,0,9,46,1,1,57,84,0.251,0.348,0.37,0.718,84,137,11,1,0,6,4,53/D
207,HenryÂ Rodriguez*,rodrihe02,,,,32,TOT,NL,112,410,367,47,94,21,1,20,61,1,2,36,99,0.256,0.327,0.482,0.809,105,177,5,4,0,3,2,9-Jul
208,JayÂ Buhner,buhneja01,,,,35,SEA,AL,112,430,364,50,92,20,0,26,82,0,2,59,98,0.253,0.361,0.522,0.883,127,190,10,4,1,2,3,9/D
209,JoeÂ Girardi,girarjo01,,,,35,CHC,NL,106,407,363,47,101,15,1,6,40,1,0,32,61,0.278,0.339,0.375,0.714,83,136,12,3,6,3,3,2
210,IvanÂ Rodriguez,rodriiv01,,,,28,TEX,AL,91,389,363,66,126,27,4,27,83,5,5,19,48,0.347,0.375,0.667,1.042,156,242,17,1,0,6,5,2/D
211,RondellÂ White,whitero02,,,,28,TOT,NL,94,396,357,59,111,26,0,13,61,5,3,33,79,0.311,0.374,0.493,0.867,115,176,4,4,0,2,0,7
212,SandyÂ Alomar,alomasa02,,,,34,CLE,AL,97,384,356,44,103,16,2,7,42,2,2,16,41,0.289,0.324,0.404,0.728,83,144,9,4,4,4,1,2/D
213,BillÂ Spiers*,spierbi01,,,,34,HOU,NL,124,409,355,41,107,17,3,3,43,7,4,49,38,0.301,0.386,0.392,0.777,92,139,8,1,2,2,3,564/79
214,LanceÂ Berkman#,berkmla01,,,,24,HOU,NL,114,417,353,76,105,28,1,21,67,6,2,56,73,0.297,0.388,0.561,0.949,130,198,6,1,0,7,1,97/3
215,AlexÂ Cora*,coraal01,,,,24,LAD,NL,109,394,353,39,84,18,6,4,32,4,1,26,53,0.238,0.302,0.357,0.658,70,126,6,7,6,2,4,4-Jun
216,MarkÂ Loretta,loretma01,,,,28,MIL,NL,91,399,352,49,99,21,1,7,40,0,3,37,38,0.281,0.35,0.406,0.757,93,143,9,1,8,1,2,4-Jun
217,DannyÂ Bautista,bautida01,,,,28,TOT,NL,131,388,351,54,100,20,7,11,59,6,2,25,50,0.285,0.333,0.476,0.809,100,167,11,3,4,5,4,*978
218,BennyÂ Agbayani,agbaybe01,,,,28,NYM,NL,119,415,350,59,101,19,1,15,60,5,5,54,68,0.289,0.391,0.477,0.868,122,167,6,7,0,3,2,*79/8D
219,JayÂ Canizaro,canizja01,,,,26,MIN,AL,102,371,346,43,93,21,1,7,40,4,2,24,57,0.269,0.318,0.396,0.714,77,137,8,1,0,0,0,4/D
220,LuisÂ Polonia*,polonlu01,,,,36,TOT,AL,117,383,344,48,95,14,5,7,30,12,7,29,32,0.276,0.329,0.407,0.736,90,140,4,1,3,6,1,D97
221,GeoffÂ Blum#,blumge01,,,,27,MON,NL,124,379,343,40,97,20,2,11,45,1,4,26,60,0.283,0.335,0.449,0.784,94,154,4,3,3,4,2,5643
222,KevinÂ Stocker#,stockke01,,,,30,TOT,AL,110,409,343,41,75,20,4,2,24,1,5,51,81,0.219,0.326,0.318,0.644,64,109,11,4,10,1,0,*6
223,StanÂ Javier#,javiest01,,,,36,SEA,AL,105,392,342,61,94,18,5,5,40,4,3,42,64,0.275,0.351,0.401,0.751,95,137,7,0,4,4,2,798/D3
224,ReggieÂ Sanders,sandere02,,,,32,ATL,NL,103,377,340,43,79,23,1,11,37,21,4,32,78,0.232,0.302,0.403,0.705,76,137,9,2,3,0,2,79/8
225,CarlosÂ Febles,febleca01,,,,24,KCR,AL,100,399,339,59,87,12,1,2,29,17,6,36,48,0.257,0.345,0.316,0.66,68,107,10,10,13,1,1,4
226,KevinÂ Jordan,jordake01,,,,30,PHI,NL,109,358,337,30,74,16,2,5,36,0,1,17,41,0.22,0.257,0.323,0.58,46,109,11,1,0,3,0,45/3
227,MitchÂ Meluskey#,melusmi01,,,,26,HOU,NL,117,400,337,47,101,21,0,14,69,1,0,55,74,0.3,0.401,0.487,0.888,117,164,7,4,1,3,10,5-Feb
228,ToriiÂ Hunter,hunteto01,,,,24,MIN,AL,99,358,336,44,94,14,7,5,44,4,3,18,68,0.28,0.318,0.408,0.726,80,137,13,2,0,2,2,7-Aug
229,ChadÂ Curtis,curtich01,,,,31,TEX,AL,108,381,335,48,91,25,1,8,48,3,3,37,71,0.272,0.343,0.424,0.767,93,142,12,1,5,3,0,79D
230,BrentÂ Mayne*,maynebr01,,,,32,COL,NL,117,395,335,36,101,21,0,6,64,1,3,47,48,0.301,0.381,0.418,0.799,85,140,12,1,4,8,13,1-Feb
231,VinnyÂ Castilla,castivi02,,,,32,TBD,AL,85,354,331,22,73,9,1,6,42,1,2,14,41,0.221,0.254,0.308,0.562,43,102,9,3,0,6,3,5
232,JoseÂ Canseco,cansejo01,,,,35,TOT,AL,98,401,329,47,83,18,0,15,49,2,0,64,102,0.252,0.377,0.444,0.82,109,146,7,4,0,4,2,D/79
233,GregÂ Colbrunn,colbrgr01,,,,30,ARI,NL,116,385,329,48,103,22,1,15,57,0,1,43,45,0.313,0.405,0.523,0.928,129,172,13,10,0,3,2,3/D5
234,JeffÂ Frye,fryeje01,,,,33,TOT,MLB,106,371,326,49,100,19,0,1,16,5,3,36,54,0.307,0.377,0.374,0.751,86,122,8,2,5,2,0,49/5D87
235,DamianÂ Miller,milleda02,,,,30,ARI,NL,100,364,324,43,89,24,0,10,44,2,2,36,74,0.275,0.347,0.441,0.788,95,143,6,1,1,2,4,3-Feb
236,FernandoÂ Tatis,tatisfe01,,,,25,STL,NL,96,394,324,59,82,21,1,18,64,2,3,57,94,0.253,0.379,0.491,0.87,117,159,13,10,1,2,1,5/D3
237,PlacidoÂ Polanco,polanpl01,,,,24,STL,NL,118,350,323,50,102,12,3,5,39,4,4,16,26,0.316,0.347,0.418,0.765,92,135,8,1,7,3,0,456/3
238,SteveÂ Cox*,coxst01,,,,25,TBD,AL,116,369,318,44,90,19,1,11,35,1,2,45,47,0.283,0.379,0.453,0.832,112,144,9,5,0,1,2,973D
239,JoseÂ Guillen,guilljo01,,,,24,TBD,AL,105,349,316,40,80,16,5,10,41,3,1,18,65,0.253,0.32,0.43,0.75,90,136,6,13,2,0,1,8-Sep
240,LarryÂ Walker*,walkela01,,,,33,COL,NL,87,372,314,64,97,21,7,9,51,5,5,46,40,0.309,0.409,0.506,0.915,110,159,12,9,0,3,4,97/D
241,CalÂ RipkenÂ Jr.,ripkeca01,,,,39,BAL,AL,83,339,309,43,79,16,0,15,56,0,0,23,37,0.256,0.31,0.453,0.763,95,140,10,3,0,4,0,5D
242,AdrianÂ Brown#,brownad01,,,,26,PIT,NL,104,340,308,64,97,18,3,4,28,13,1,29,34,0.315,0.373,0.432,0.805,104,133,1,0,2,1,1,89/7
243,ButchÂ Huskey,huskebu01,,,,28,TOT,MLB,109,356,307,40,80,21,0,9,45,1,3,41,63,0.261,0.346,0.417,0.762,85,128,10,2,0,6,2,D937
244,TimÂ Bogar,bogarti01,,,,33,HOU,NL,110,351,304,32,63,9,2,7,33,1,1,35,56,0.207,0.292,0.319,0.611,50,97,15,3,5,4,7,6/415
245,BrookÂ Fordyce,fordybr01,,,,30,TOT,AL,93,330,302,41,91,18,1,14,49,0,0,17,50,0.301,0.341,0.507,0.848,114,153,4,4,2,5,0,2
246,BenjiÂ Gil,gilbe01,,,,27,ANA,AL,110,343,301,28,72,14,1,6,23,10,6,30,59,0.239,0.317,0.352,0.669,68,106,7,5,5,2,0,6/4D3
247,LuisÂ Sojo,sojolu01,,,,35,TOT,MLB,95,323,301,33,86,18,1,7,37,2,0,17,22,0.286,0.325,0.422,0.747,88,127,11,1,3,1,3,54/36
248,GlenallenÂ Hill,hillgl01,,,,35,TOT,MLB,104,321,300,45,88,9,1,27,58,0,1,19,76,0.293,0.336,0.6,0.936,133,180,6,1,0,1,2,7D
249,BobbyÂ Estalella,estalbo02,,,,25,SFG,NL,106,361,299,45,70,22,3,14,53,3,0,57,92,0.234,0.357,0.468,0.826,113,140,4,2,0,3,9,2
250,WillieÂ Greene*,greenwi01,,,,28,CHC,NL,105,339,299,34,60,15,2,10,37,4,0,36,69,0.201,0.289,0.365,0.654,66,109,5,2,0,2,2,5
251,ToddÂ Hundley#,hundlto01,,,,31,LAD,NL,90,353,299,49,85,16,0,24,70,0,1,45,69,0.284,0.375,0.579,0.954,143,173,5,2,1,6,6,2/D
252,FelixÂ Martinez#,martife01,,,,26,TBD,AL,106,353,299,42,64,11,4,2,17,9,3,32,68,0.214,0.305,0.298,0.603,56,89,4,8,12,2,0,6
253,QuilvioÂ Veras#,verasqu01,,,,29,ATL,NL,84,364,298,56,92,15,0,5,37,25,12,51,50,0.309,0.413,0.409,0.823,110,122,8,5,6,4,0,4
254,HomerÂ Bush,bushho01,,,,27,TOR,AL,76,325,297,38,64,8,0,1,18,9,4,18,60,0.215,0.271,0.253,0.524,33,75,10,5,4,1,0,4
255,ScottÂ Spiezio#,spiezsc01,,,,27,ANA,AL,123,345,297,47,72,11,2,17,49,1,2,40,56,0.242,0.334,0.465,0.799,99,138,5,3,1,4,2,D35/749
256,ChrisÂ Widger,widgech01,,,,29,TOT,MLB,96,324,292,32,68,17,2,13,35,1,2,30,63,0.233,0.306,0.438,0.744,83,128,5,1,0,1,3,2/3D9
257,AaronÂ Boone,booneaa01,,,,27,CIN,NL,84,332,291,44,83,18,0,12,43,6,1,24,52,0.285,0.356,0.471,0.826,105,137,5,10,2,4,1,6-May
258,WiltonÂ Guerrero#,guerrwi01,,,,25,MON,NL,127,314,288,30,77,7,2,2,23,8,1,19,41,0.267,0.312,0.326,0.638,60,94,6,0,6,1,0,798/D4
259,CarlosÂ Guillen#,guillca01,,,,24,SEA,AL,90,328,288,45,74,15,2,7,42,1,3,28,53,0.257,0.324,0.396,0.72,87,114,6,2,7,3,0,56
260,RichÂ Becker*,beckeri01,,,,28,TOT,AL,115,357,285,59,69,14,0,8,39,2,2,67,87,0.242,0.384,0.375,0.759,99,107,1,1,0,4,0,987/D
261,HenryÂ Blanco,blanche01,,,,28,MIL,NL,93,324,284,29,67,24,0,7,31,0,3,36,60,0.236,0.318,0.394,0.712,81,112,9,0,0,4,6,2
262,WikiÂ Gonzalez,gonzawi01,,,,26,SDP,NL,95,319,284,25,66,15,1,5,30,1,2,30,31,0.232,0.311,0.345,0.656,72,98,5,3,1,1,4,2
263,TylerÂ Houston*,houstty01,,,,29,MIL,NL,101,305,284,30,71,15,0,18,43,2,1,17,72,0.25,0.292,0.493,0.785,96,140,13,0,4,0,3,352
264,HaroldÂ Baines*,baineha01,,,,41,TOT,AL,96,320,283,26,72,13,0,11,39,0,0,36,50,0.254,0.338,0.417,0.754,93,118,6,0,0,1,7,D
265,FrankÂ Catalanotto*,catalfr01,,,,26,TEX,AL,103,326,282,55,82,13,2,10,42,6,2,33,36,0.291,0.375,0.457,0.832,109,129,5,6,3,2,0,4D3/9
266,MikeÂ Stanley,stanlmi02,,,,37,TOT,AL,90,331,282,33,67,12,0,14,46,0,0,44,65,0.238,0.339,0.429,0.768,93,121,4,1,1,3,0,3D
267,KeithÂ Lockhart*,lockhke01,,,,35,ATL,NL,113,313,275,32,73,12,3,2,32,4,1,29,31,0.265,0.331,0.353,0.684,73,97,10,0,5,4,7,45
268,MichaelÂ Barrett,barremi01,,,,23,MON,NL,89,297,271,28,58,15,1,1,22,0,1,23,35,0.214,0.277,0.288,0.565,42,78,7,1,1,1,5,52
269,DarrenÂ Lewis,lewisda01,,,,32,BOS,AL,97,303,270,44,65,12,0,2,17,10,5,22,34,0.241,0.305,0.307,0.612,55,83,2,3,8,0,0,897/D
270,DaveÂ McCarty,mccarda01,,,,30,KCR,AL,103,295,270,34,75,14,2,12,53,0,0,22,68,0.278,0.329,0.478,0.807,99,129,6,0,0,3,1,3/D79
271,MichaelÂ Tucker*,tuckemi01,,,,29,CIN,NL,148,323,270,55,72,13,4,15,36,13,6,44,64,0.267,0.381,0.511,0.892,121,138,6,7,0,2,1,*978/4
272,EdÂ Sprague,spraged02,,,,32,TOT,MLB,106,298,268,30,65,16,0,12,36,0,0,25,58,0.243,0.312,0.437,0.749,90,117,3,3,0,2,2,53/74D9
273,DanÂ Wilson,wilsoda01,,,,31,SEA,AL,90,303,268,31,63,12,0,5,27,1,2,22,51,0.235,0.291,0.336,0.627,63,90,8,0,11,2,0,Feb-35
274,JoseÂ Vizcaino#,vizcajo01,,,,32,TOT,MLB,113,297,267,32,67,10,2,0,14,6,7,22,43,0.251,0.308,0.303,0.612,58,81,6,1,5,2,3,465/D3
275,EdÂ Taubensee*,taubeed01,,,,31,CIN,NL,81,291,266,29,71,12,0,6,24,0,0,21,44,0.267,0.324,0.38,0.704,76,101,7,2,1,1,1,2
276,DaryleÂ Ward*,wardda01,,,,25,HOU,NL,119,281,264,36,68,10,2,20,47,0,0,15,61,0.258,0.295,0.538,0.833,99,142,6,0,0,2,2,73/D9
277,TerryÂ Shumpert,shumpte01,,,,33,COL,NL,115,300,263,52,68,11,7,9,40,8,4,28,40,0.259,0.34,0.456,0.796,82,120,3,6,0,3,1,745/63D
278,JeremyÂ Giambi*,giambje01,,,,25,OAK,AL,104,302,260,42,66,10,2,10,50,0,0,32,61,0.254,0.338,0.423,0.761,95,110,7,3,3,4,2,9D3/7
279,RogerÂ Cedeno#,cedenro01,,,,25,HOU,NL,74,305,259,54,73,2,5,6,26,25,11,43,47,0.282,0.383,0.398,0.781,93,103,6,0,2,1,0,879
280,KevinÂ Millar,millake01,,,,28,FLA,NL,123,305,259,36,67,14,3,14,42,0,0,36,47,0.259,0.364,0.498,0.862,121,129,5,8,0,2,0,375/D9
281,ChrisÂ Truby,trubych01,,,,26,HOU,NL,78,279,258,28,67,15,4,11,59,2,1,10,56,0.26,0.295,0.477,0.772,86,123,4,5,1,5,1,5
282,EricÂ Davis,daviser01,,,,38,STL,NL,92,293,254,38,77,14,0,6,40,1,1,36,60,0.303,0.389,0.429,0.818,106,109,7,1,0,2,0,9/D
283,AramisÂ Ramirez,ramirar01,,,,22,PIT,NL,73,274,254,19,65,15,2,6,35,0,0,10,36,0.256,0.293,0.402,0.695,74,102,9,5,1,4,0,5
284,BenitoÂ Santiago,santibe01,,,,35,CIN,NL,89,277,252,22,66,11,1,8,45,2,2,19,45,0.262,0.31,0.409,0.719,79,103,7,1,0,5,8,2
285,EinarÂ Diaz,diazei01,,,,27,CLE,AL,75,275,250,29,68,14,2,4,25,4,2,11,29,0.272,0.323,0.392,0.715,80,98,7,8,6,0,0,5-Feb
286,AndyÂ Fox*,foxan01,,,,29,TOT,NL,100,275,250,29,58,8,2,4,20,10,4,22,53,0.232,0.302,0.328,0.63,61,82,2,3,0,0,4,657/9438
287,ShaneÂ Spencer,spencsh01,,,,28,NYY,AL,73,276,248,33,70,11,3,9,40,1,2,19,45,0.282,0.33,0.46,0.789,99,114,4,2,0,7,0,D7/9
288,ToddÂ Walker*,walketo04,,,,27,TOT,MLB,80,283,248,42,72,11,4,9,44,7,1,27,29,0.29,0.355,0.476,0.83,94,118,5,1,1,6,0,4/D
289,BubbaÂ Trammell,trammbu01,,,,28,TOT,MLB,102,278,245,28,65,13,2,10,45,4,0,29,49,0.265,0.345,0.457,0.802,104,112,8,2,0,2,0,97/D
290,AlexÂ Ochoa,ochoaal01,,,,28,CIN,NL,118,275,244,50,77,21,3,13,58,9,4,24,27,0.316,0.378,0.586,0.964,137,143,7,3,0,4,3,79/8
291,OrlandoÂ Palmeiro*,palmeor01,,,,31,ANA,AL,108,296,243,38,73,20,2,0,25,4,1,38,20,0.3,0.395,0.399,0.794,101,97,4,2,10,3,0,79D/8
292,CarlosÂ Hernandez,hernaca01,,,,33,TOT,NL,75,270,242,23,62,15,0,3,35,2,3,21,35,0.256,0.322,0.355,0.678,76,86,4,4,0,3,1,3-Feb
293,CraigÂ Grebeck,grebecr01,,,,35,TOR,AL,66,270,241,38,71,19,0,3,23,0,0,25,33,0.295,0.364,0.411,0.775,94,99,7,2,1,1,0,6-Apr
294,BrianÂ Hunter,huntebr02,,,,29,TOT,NL,104,274,240,47,64,5,1,1,14,20,3,27,40,0.267,0.342,0.308,0.65,54,74,2,1,5,1,0,879
295,KellyÂ Stinnett,stinnke01,,,,30,ARI,NL,76,265,240,22,52,7,0,8,33,0,1,19,56,0.217,0.291,0.346,0.636,58,83,5,6,0,0,4,2
296,BobbyÂ Bonilla#,bonilbo01,,,,37,ATL,NL,114,278,239,23,61,13,3,5,28,0,0,37,51,0.255,0.356,0.397,0.754,91,95,3,1,0,1,2,7/5D9
297,EnriqueÂ Wilson#,wilsoen01,,,,26,TOT,MLB,80,263,239,27,70,15,1,5,27,2,2,18,24,0.293,0.34,0.427,0.767,93,102,6,0,4,2,2,546/D
298,ShaneÂ Halter,haltesh01,,,,30,DET,AL,105,265,238,26,62,12,2,3,27,5,2,14,49,0.261,0.302,0.366,0.668,73,87,5,1,10,2,0,5364/89271
299,MarkÂ McGwire,mcgwima01,,,,36,STL,NL,89,321,236,60,72,8,0,32,73,1,0,76,78,0.305,0.483,0.746,1.229,203,176,5,7,0,2,12,3
300,GreggÂ Zaun#,zaungr01,,,,29,KCR,AL,83,282,234,36,64,11,0,7,33,7,3,43,34,0.274,0.39,0.41,0.8,102,96,4,3,0,2,3,Feb-34
301,MikeÂ Benjamin,benjami01,,,,34,PIT,NL,93,255,233,28,63,18,2,2,19,5,4,12,45,0.27,0.313,0.391,0.704,78,91,4,3,6,1,0,564/3
302,ArmandoÂ Rios*,riosar01,,,,28,SFG,NL,115,269,233,38,62,15,5,10,50,3,2,31,43,0.266,0.347,0.502,0.849,118,117,9,0,1,4,4,97/3
303,RaulÂ Casanova#,casanra01,,,,27,MIL,NL,86,265,231,20,57,13,3,6,36,1,2,26,48,0.247,0.331,0.407,0.738,88,94,5,4,2,2,1,2/D
304,ScottÂ Hatteberg*,hattesc01,,,,30,BOS,AL,92,271,230,21,61,15,0,8,36,0,1,38,39,0.265,0.367,0.435,0.801,100,100,8,0,1,2,3,2D/5
305,RussÂ Johnson,johnsru01,,,,27,TOT,MLB,100,263,230,32,55,8,0,2,20,5,2,27,40,0.239,0.32,0.3,0.62,59,69,7,1,4,1,0,546
306,DougÂ Mirabelli,mirabdo01,,,,29,SFG,NL,82,273,230,23,53,10,2,6,28,1,0,36,57,0.23,0.337,0.37,0.707,84,85,6,2,3,2,2,2
307,JeffÂ Reed*,reedje02,,,,37,CHC,NL,90,277,229,26,49,10,0,4,25,0,1,44,68,0.214,0.342,0.31,0.652,69,71,5,1,2,1,2,2
308,AlexÂ Ramirez,ramiral02,,,,25,TOT,MLB,84,240,227,26,56,11,2,9,30,2,0,12,49,0.247,0.285,0.432,0.716,78,98,9,0,1,0,2,97/D38
309,JohnÂ Mabry*,mabryjo01,,,,29,TOT,MLB,95,244,226,35,53,13,0,8,32,0,1,15,69,0.235,0.287,0.398,0.685,77,90,4,2,0,1,0,95/73D1
310,JuanÂ Castro,castrju01,,,,28,CIN,NL,82,244,224,20,54,12,2,4,23,0,2,14,33,0.241,0.283,0.366,0.649,61,82,9,0,4,2,1,64/5
311,WallyÂ Joyner*,joynewa01,,,,38,ATL,NL,119,260,224,24,63,12,0,5,32,0,0,31,31,0.281,0.365,0.402,0.767,94,90,2,1,0,4,3,3/D
312,LennyÂ Harris*,harrile01,,,,35,TOT,NL,112,248,223,31,58,7,4,4,26,13,1,20,22,0.26,0.317,0.381,0.698,77,85,7,0,2,3,2,53/974D
313,PaulÂ Bako*,bakopa01,,,,28,TOT,NL,81,251,221,18,50,10,1,2,20,0,0,27,64,0.226,0.312,0.308,0.62,61,68,6,1,1,1,10,3-Feb
314,KevinÂ Elster,elsteke01,,,,35,LAD,NL,80,259,220,29,50,8,0,14,32,0,0,38,52,0.227,0.341,0.455,0.796,104,100,0,0,1,0,5,Jun-53
315,TonyÂ Eusebio,eusebto01,,,,33,HOU,NL,74,249,218,24,61,18,0,7,33,0,0,25,45,0.28,0.361,0.459,0.82,100,100,8,4,0,2,2,2
316,ShawonÂ Dunston,dunstsh01,,,,37,STL,NL,98,231,216,28,54,11,2,12,43,3,1,6,47,0.25,0.278,0.486,0.764,87,105,11,3,4,2,0,79/8635D
317,JeffÂ Abbott,abbotje01,,,,27,CHW,AL,80,242,215,31,59,15,1,3,29,2,1,21,38,0.274,0.343,0.395,0.738,86,85,2,2,2,1,1,879/D
318,ChrisÂ Richard*,richach01,,,,26,TOT,MLB,62,239,215,39,57,14,2,14,37,7,5,17,40,0.265,0.326,0.544,0.871,120,117,5,4,0,3,3,3/9D7
319,OlmedoÂ Saenz,saenzol01,,,,29,OAK,AL,76,247,214,40,67,12,2,9,33,1,0,25,40,0.313,0.401,0.514,0.915,134,110,6,7,0,1,2,D53
320,MarkÂ Johnson*,johnsma02,,,,24,CHW,AL,75,251,213,29,48,11,0,3,23,3,2,27,40,0.225,0.315,0.319,0.635,61,68,3,1,10,0,0,2/D
321,ChadÂ Kreuter#,kreutch01,,,,35,LAD,NL,80,271,212,32,56,13,0,6,28,1,0,54,48,0.264,0.416,0.41,0.827,116,87,6,2,2,1,0,2
322,DaveÂ Berg,bergda01,,,,29,FLA,NL,82,245,210,23,53,14,1,1,21,3,0,25,46,0.252,0.34,0.343,0.683,78,72,5,5,1,4,0,654
323,MikeÂ Redmond,redmomi01,,,,29,FLA,NL,87,235,210,17,53,8,1,0,15,0,0,13,19,0.252,0.316,0.3,0.616,61,63,5,8,1,3,3,2
324,KenÂ Caminiti#,caminke01,,,,37,HOU,NL,59,253,208,42,63,13,0,15,45,3,0,42,37,0.303,0.419,0.582,1.001,143,121,7,1,0,2,8,5
325,TonyÂ Clark#,clarkto02,,,,28,DET,AL,60,232,208,32,57,14,0,13,37,0,0,24,51,0.274,0.349,0.529,0.878,125,110,10,0,0,0,2,3/D
326,MidreÂ Cummings*,cummimi01,,,,28,TOT,AL,98,227,206,29,57,10,0,4,24,0,0,17,28,0.277,0.341,0.383,0.724,81,79,5,3,1,0,1,9D/78
327,RubenÂ Mateo,mateoru01,,,,22,TEX,AL,52,222,206,32,60,11,0,7,19,6,0,10,34,0.291,0.339,0.447,0.786,97,92,5,5,1,0,1,8
328,MikeÂ Darr*,darrmi02,,,,24,SDP,NL,58,228,205,21,55,14,4,1,30,9,1,23,45,0.268,0.342,0.39,0.732,91,80,9,0,0,0,1,98/7
329,MikeÂ Difelice,difelmi01,,,,31,TBD,AL,60,223,204,23,49,13,1,6,19,0,0,12,40,0.24,0.28,0.402,0.682,72,82,8,0,5,2,0,2
330,LuisÂ Lopez#,lopezlu02,,,,29,MIL,NL,78,225,201,24,53,14,0,6,27,1,2,9,35,0.264,0.309,0.423,0.732,85,85,2,5,8,2,1,64/5
331,GregÂ Norton#,nortogr01,,,,27,CHW,AL,71,231,201,25,49,6,1,6,28,1,0,26,47,0.244,0.333,0.373,0.706,78,75,2,2,0,2,0,53/D
332,MartyÂ Cordova,cordoma01,,,,30,TOR,AL,62,221,200,23,49,7,0,4,18,3,2,18,35,0.245,0.317,0.34,0.657,65,68,6,3,0,0,0,79D
333,JoeÂ Oliver,olivejo01,,,,34,SEA,AL,69,219,200,33,53,13,1,10,35,2,1,14,38,0.265,0.313,0.49,0.803,105,98,6,0,5,0,1,2/3D
334,JuanÂ Pierre*,pierrju01,,,,22,COL,NL,51,219,200,26,62,2,0,0,20,7,6,13,15,0.31,0.353,0.32,0.673,57,64,2,1,4,1,0,8
335,JoseÂ Nieves,nievejo01,,,,25,CHC,NL,82,213,198,17,42,6,3,5,24,1,1,11,43,0.212,0.251,0.348,0.6,52,69,8,0,2,2,1,56/4
336,ErubielÂ Durazo*,durazer01,,,,26,ARI,NL,67,233,196,35,52,11,0,8,33,1,0,34,43,0.265,0.373,0.444,0.817,103,87,3,1,0,2,2,3
337,MannyÂ Alexander,alexama02,,,,29,BOS,AL,101,209,194,30,41,4,3,4,19,2,0,13,41,0.211,0.261,0.325,0.586,46,63,0,0,2,0,0,56/4D
338,CalvinÂ Murray,murraca01,,,,28,SFG,NL,108,229,194,35,47,12,1,2,22,9,3,29,33,0.242,0.348,0.345,0.693,82,67,0,3,2,1,0,7-Aug
339,RussellÂ Branyan*,branyru01,,,,24,CLE,AL,67,220,193,32,46,7,2,16,38,0,0,22,76,0.238,0.327,0.544,0.871,115,105,2,4,0,1,1,D79/5
340,BillÂ Haselman,haselbi01,,,,34,TEX,AL,62,210,193,23,53,18,0,6,26,0,1,15,36,0.275,0.329,0.461,0.79,97,89,1,1,0,1,0,2
341,ShaneÂ Andrews,andresh01,,,,28,CHC,NL,66,222,192,25,44,5,0,14,39,1,1,27,59,0.229,0.329,0.474,0.803,102,91,9,2,0,1,1,3-May
342,MarkÂ Smith,smithma03,,,,30,FLA,NL,104,213,192,22,47,8,1,5,27,2,0,17,54,0.245,0.31,0.375,0.685,77,72,2,2,0,2,1,79/D
343,AndyÂ Tracy*,tracyan01,,,,26,MON,NL,83,218,192,29,50,8,1,11,32,1,0,22,61,0.26,0.339,0.484,0.824,103,93,3,2,0,2,1,53
344,WaltÂ Weiss#,weisswa01,,,,36,ATL,NL,80,227,192,29,50,6,2,0,18,1,1,26,32,0.26,0.353,0.313,0.665,71,60,2,3,3,3,1,6
345,RamonÂ Martinez,martira03,,,,27,SFG,NL,88,210,189,30,57,13,2,6,25,3,2,15,22,0.302,0.354,0.487,0.841,117,92,6,1,4,1,1,64/35
346,WendellÂ Magee,mageewe01,,,,27,DET,AL,91,198,186,31,51,4,2,7,31,1,0,10,28,0.274,0.31,0.43,0.74,90,80,7,0,0,1,0,97/8D
347,RicoÂ Brogna*,brognri01,,,,30,TOT,MLB,81,199,185,20,43,17,0,2,21,1,0,10,41,0.232,0.278,0.357,0.635,59,66,5,2,1,1,1,3/D
348,AlbertoÂ Castillo,castial01,,,,30,TOR,AL,66,211,185,14,39,7,0,1,16,0,0,21,36,0.211,0.287,0.265,0.552,40,49,3,0,2,3,0,2
349,ClayÂ Bellinger,bellicl01,,,,31,NYY,AL,98,209,184,33,38,8,2,6,21,5,0,17,48,0.207,0.288,0.37,0.658,66,68,1,5,1,2,1,84573/69
350,MarkÂ Lewis,lewisma01,,,,30,TOT,MLB,82,198,182,20,46,18,0,2,24,7,2,13,34,0.253,0.305,0.385,0.689,77,70,6,1,1,1,0,546/D
351,LuisÂ Matos,matoslu01,,,,21,BAL,AL,72,201,182,21,41,6,3,1,17,13,4,12,30,0.225,0.281,0.308,0.589,53,56,7,3,2,2,0,89/D7
352,JeffÂ Reboulet,rebouje01,,,,36,KCR,AL,66,212,182,29,44,7,0,0,14,3,1,23,32,0.242,0.325,0.28,0.605,54,51,8,0,6,1,0,45/6D
353,RussÂ Davis,davisru01,,,,30,SFG,NL,80,192,180,27,47,5,0,9,24,0,3,9,29,0.261,0.302,0.439,0.741,90,79,1,2,0,1,0,5/3D
354,JerryÂ Hairston,hairsje02,,,,24,BAL,AL,49,212,180,27,46,5,0,5,19,8,5,21,22,0.256,0.353,0.367,0.719,87,66,8,6,5,0,0,4
355,ToddÂ Dunwoody*,dunwoto01,,,,25,KCR,AL,61,195,178,12,37,9,0,1,23,3,0,8,42,0.208,0.238,0.275,0.514,29,49,4,1,2,6,0,87D/9
356,JolbertÂ Cabrera,cabrejo02,,,,27,CLE,AL,100,187,175,27,44,3,1,2,15,6,4,8,15,0.251,0.29,0.314,0.605,53,55,1,2,1,1,0,9874/6D
357,BobÂ Smith,smithbo06,,,,26,TBD,AL,49,191,175,21,41,8,0,6,26,2,2,14,59,0.234,0.293,0.383,0.676,72,67,6,1,0,1,1,5-Apr
358,JoseÂ Macias#,maciajo01,,,,28,DET,AL,73,196,173,25,44,3,5,2,24,2,0,18,24,0.254,0.328,0.364,0.692,80,63,3,1,4,0,0,45/98D6
359,MikeÂ Mordecai,mordemi01,,,,32,MON,NL,86,183,169,20,48,16,0,4,16,2,2,12,34,0.284,0.335,0.45,0.785,94,76,1,1,1,0,0,56/43
360,HalÂ Morris*,morriha02,,,,35,TOT,MLB,99,204,169,24,47,9,1,3,14,0,0,31,26,0.278,0.391,0.396,0.788,103,67,6,1,2,1,4,3/D79
361,BruceÂ Aven,avenbr01,,,,28,TOT,NL,81,176,168,20,42,11,0,7,29,2,3,8,39,0.25,0.284,0.44,0.725,81,74,4,0,0,0,0,79/8
362,TonyÂ Graffanino,graffto01,,,,28,TOT,AL,70,194,168,33,46,6,1,2,17,7,4,22,27,0.274,0.363,0.357,0.72,83,60,2,2,1,1,0,465/D
363,TerryÂ Jones#,joneste02,,,,29,MON,NL,108,181,168,30,42,8,2,0,13,7,2,10,32,0.25,0.292,0.321,0.614,53,54,3,0,3,0,1,78/9
364,MattÂ LeCroy,lecroma01,,,,24,MIN,AL,56,190,167,18,29,10,0,5,17,0,0,17,38,0.174,0.254,0.323,0.577,43,54,6,2,1,3,2,2/3D
365,RobÂ Ducey*,duceyro01,,,,35,TOT,MLB,117,198,165,26,32,5,1,6,26,1,0,31,49,0.194,0.318,0.345,0.664,68,57,1,0,0,2,1,7/D98
366,BernardÂ Gilkey,gilkebe01,,,,33,TOT,MLB,74,185,164,17,29,6,1,3,15,0,0,17,28,0.177,0.265,0.28,0.545,37,46,8,3,0,1,2,9/7D
367,WiltonÂ Veras,veraswi01,,,,22,BOS,AL,49,179,164,21,40,7,1,0,14,0,0,7,20,0.244,0.278,0.299,0.577,45,49,2,2,3,3,0,5
368,RobertÂ Fick*,fickro01,,,,26,DET,AL,66,188,163,18,41,7,2,3,22,2,1,22,39,0.252,0.34,0.374,0.715,86,61,4,1,0,2,2,32D
369,MarlonÂ Anderson*,anderma02,,,,26,PHI,NL,41,174,162,10,37,8,1,1,15,2,2,12,22,0.228,0.282,0.309,0.59,49,50,5,0,0,0,0,4
370,BrantÂ Brown*,brownbr01,,,,29,TOT,NL,95,178,162,11,28,7,0,5,16,3,1,13,62,0.173,0.237,0.309,0.546,39,50,3,1,1,1,0,73/89
371,FernandoÂ Seguignol#,seguife01,,,,25,MON,NL,76,175,162,22,45,8,0,10,22,0,1,9,46,0.278,0.326,0.512,0.838,105,83,5,3,0,1,0,379/D
372,ToddÂ Pratt,prattto02,,,,33,NYM,NL,80,190,160,33,44,6,0,8,25,0,0,22,31,0.275,0.378,0.463,0.84,115,74,5,5,2,1,1,2/D
373,JamesÂ Mouton,moutoja01,,,,31,MIL,NL,87,197,159,28,37,7,1,2,17,13,4,30,43,0.233,0.363,0.327,0.69,79,52,5,3,4,1,0,87/9
374,RandyÂ Winn#,winnra01,,,,26,TBD,AL,51,190,159,28,40,5,0,1,16,6,7,26,25,0.252,0.362,0.302,0.664,73,48,2,2,2,1,0,78/D
375,GaryÂ Matthews#,matthga02,,,,25,CHC,NL,80,175,158,24,30,1,2,4,14,3,0,15,28,0.19,0.264,0.297,0.562,44,47,2,1,1,0,1,78/9
376,DevonÂ White#,whitede03,,,,37,LAD,NL,47,168,158,26,42,5,1,4,13,3,6,9,30,0.266,0.31,0.386,0.696,79,61,3,1,0,0,0,8
377,KurtÂ Abbott,abbotku01,,,,31,NYM,NL,79,173,157,22,34,7,1,6,12,1,1,14,51,0.217,0.283,0.389,0.672,71,61,2,1,0,1,2,64/58
378,AdamÂ Piatt,piattad01,,,,24,OAK,AL,60,182,157,24,47,5,5,5,23,0,1,23,44,0.299,0.392,0.49,0.883,126,77,1,1,1,0,0,95D/73
379,AlexÂ Arias,ariasal01,,,,32,PHI,NL,70,180,155,17,29,9,0,2,15,1,0,16,28,0.187,0.271,0.284,0.555,41,44,1,3,3,3,2,65/4
380,MiltonÂ Bradley#,bradlmi01,,,,22,MON,NL,42,172,154,20,34,8,1,2,15,2,1,14,32,0.221,0.288,0.325,0.613,53,50,3,1,1,1,0,8
381,JoeÂ McEwing,mcewijo01,,,,27,NYM,NL,87,169,153,20,34,14,1,2,19,3,1,5,29,0.222,0.248,0.366,0.614,55,56,2,1,8,2,0,7548/96
382,KevinÂ Sefcik,sefcike01,,,,29,PHI,NL,99,171,153,15,36,6,2,0,10,4,2,13,19,0.235,0.3,0.301,0.601,53,46,4,2,1,2,0,78/9D
383,CraigÂ Counsell*,counscr01,,,,29,ARI,NL,67,177,152,23,48,8,1,2,11,3,3,20,18,0.316,0.4,0.421,0.821,105,64,4,2,1,1,0,45/6
384,DarrenÂ Bragg*,braggda01,,,,30,COL,NL,71,169,149,16,33,7,1,3,21,4,1,17,41,0.221,0.296,0.342,0.638,47,51,3,0,0,3,1,9-Jul
385,BenÂ Petrick,petribe01,,,,23,COL,NL,52,173,146,32,47,10,1,3,20,1,2,20,33,0.322,0.401,0.466,0.867,100,68,1,2,1,4,2,2
386,MattÂ Walbeck#,walbema01,,,,30,ANA,AL,47,155,146,17,29,5,0,6,12,0,1,7,22,0.199,0.24,0.356,0.596,48,52,2,1,1,0,0,2/3D
387,FrankÂ Menechino,menecfr01,,,,29,OAK,AL,66,169,145,31,37,9,1,6,26,1,4,20,45,0.255,0.345,0.455,0.8,105,66,1,1,1,2,0,4/65D1
388,JorgeÂ Fabregas*,fabrejo01,,,,30,KCR,AL,43,152,142,13,40,4,0,3,17,1,0,8,11,0.282,0.32,0.373,0.693,73,53,1,0,2,0,1,2/D
389,GreggÂ Jefferies#,jeffegr01,,,,32,DET,AL,41,160,142,18,39,8,0,2,14,0,2,16,10,0.275,0.344,0.373,0.717,87,53,7,0,0,2,1,34/5D7
390,F.P.Â Santangelo#,santaf.01,,,,32,LAD,NL,81,177,142,19,28,4,0,1,9,3,2,21,33,0.197,0.322,0.246,0.568,51,35,5,6,6,2,0,87/49
391,BrianÂ Hunter,huntebr01,,,,32,TOT,NL,87,160,140,14,30,5,0,8,23,0,1,20,39,0.214,0.313,0.421,0.734,83,59,2,0,0,0,1,3/79D
392,RaulÂ Ibanez*,ibanera01,,,,28,SEA,AL,92,156,140,21,32,8,0,2,15,2,0,14,25,0.229,0.301,0.329,0.63,64,46,1,1,0,1,1,97/D3
393,TomasÂ Perez#,perezto03,,,,26,PHI,NL,45,152,140,17,31,7,1,1,13,1,1,11,30,0.221,0.278,0.307,0.585,48,43,3,0,1,0,2,6
394,MarcusÂ Jensen#,jensema01,,,,27,MIN,AL,52,164,139,16,29,7,1,3,14,0,1,24,36,0.209,0.325,0.338,0.663,66,47,3,0,1,0,0,2/D
395,RamonÂ Castro,castrra01,,,,24,FLA,NL,50,157,138,10,33,4,0,2,14,0,0,16,36,0.239,0.318,0.312,0.63,65,43,1,1,0,2,7,2
396,MattÂ Franco*,francma01,,,,30,NYM,NL,101,157,134,9,32,4,0,2,14,0,0,21,22,0.239,0.34,0.313,0.653,70,42,3,0,1,1,3,35/7D4
397,ThomasÂ Howard#,howarth01,,,,35,STL,NL,86,141,133,13,28,4,1,6,28,1,0,7,34,0.211,0.255,0.391,0.646,60,52,3,1,0,0,0,9/7D3
398,ReyÂ Ordonez,ordonre01,,,,29,NYM,NL,45,155,133,10,25,5,0,0,9,0,0,17,16,0.188,0.278,0.226,0.504,32,30,4,0,4,1,2,6
399,DaveÂ Magadan*,magadda01,,,,37,SDP,NL,95,166,132,13,36,7,0,2,21,0,0,32,23,0.273,0.41,0.371,0.781,107,49,4,0,0,2,1,5/3D6
400,FelipeÂ Crespo#,crespfe01,,,,27,SFG,NL,89,150,131,17,38,6,1,4,29,3,2,10,23,0.29,0.351,0.443,0.794,105,58,3,4,2,3,2,73/94D
401,BenÂ Davis#,davisbe01,,,,23,SDP,NL,43,148,130,12,29,6,0,3,14,1,1,14,35,0.223,0.297,0.338,0.635,66,44,2,0,3,1,1,2/D
402,JeffÂ Huson*,husonje01,,,,35,CHC,NL,70,144,130,19,28,7,1,0,11,2,1,13,9,0.215,0.287,0.285,0.571,47,37,6,0,1,0,1,546/3
,,,,,,,,,,,,,,,,,,,,,,,,,,,,,,,,,
"Provided by <a href=""https://www.sports-reference.com/sharing.html?utm_source=direct&utm_medium=Share&utm_campaign=ShareTool"">Baseball-Reference.com</a>: <a href=""https://www.baseball-reference.com/leagues/MLB/2000-standard-batting.shtml?sr&utm_source=direct&utm_medium=Share&utm_campaign=ShareTool#players_standard_batting"">View Original Table</a><br>Generated 11/29/2018.",,,,,,,,,,,,,,,,,,,,,,,,,,,,,,,,,