,yearID_x,teamID_x,lgID_x,playerID,POS,salary,yearID_y,stint,teamID_y,lgID_y,G,AB,R,H,2B,3B,HR,RBI,SB,CS,BB,SO,IBB,HBP,SH,SF,GIDP
139,2004,BOS,AL,ramirma02,OF,22500000,2003,1,BOS,AL,154,569,117,185,36,1,37,104,3,1,97,94,28,8,0,5,22
540,2004,NYA,AL,rodrial01,SS,22000000,2003,1,TEX,AL,161,607,124,181,30,6,47,118,17,3,87,126,10,15,0,6,16
837,2004,TOR,AL,delgaca01,1B,19700000,2003,1,TOR,AL,161,570,117,172,38,1,42,145,0,0,109,137,23,19,0,7,9
531,2004,NYA,AL,jeterde01,SS,18600000,2003,1,NYA,AL,119,482,87,156,25,3,10,52,11,5,43,88,2,13,3,1,10
717,2004,SFN,NL,bondsba01,OF,18000000,2003,1,SFN,NL,130,390,111,133,22,1,45,90,7,0,148,58,61,10,0,2,7
424,2004,LAN,NL,greensh01,OF,16666667,2003,1,LAN,NL,160,611,84,171,49,2,19,85,6,2,68,112,2,6,0,6,18
561,2004,NYN,NL,piazzmi01,C,16071429,2003,1,NYN,NL,68,234,37,67,13,0,11,34,0,0,35,40,3,1,0,3,11
355,2004,HOU,NL,bagweje01,1B,16000000,2003,1,HOU,NL,160,605,109,168,28,2,39,100,11,4,88,119,3,6,0,3,25
196,2004,CHN,NL,sosasa01,OF,16000000,2003,1,CHN,NL,137,517,99,144,22,0,40,103,0,1,62,143,9,5,0,5,14
75,2004,ATL,NL,jonesch06,OF,15333333,2003,1,ATL,NL,153,555,103,169,33,2,27,106,2,2,94,83,13,1,0,6,10
161,2004,CHA,AL,ordonma01,OF,14000000,2003,1,CHA,AL,160,606,95,192,46,3,29,99,9,5,57,73,1,7,0,4,20
541,2004,NYA,AL,sheffga01,OF,13000000,2003,1,ATL,NL,155,576,126,190,37,2,39,132,18,4,86,55,6,8,0,8,16
291,2004,COL,NL,walkela01,OF,12666667,2003,1,COL,NL,143,454,86,129,25,7,16,79,7,4,98,87,14,11,0,1,9
207,2004,CIN,NL,griffke02,OF,12500000,2003,1,CIN,NL,53,166,34,41,12,1,13,26,1,0,27,44,5,6,1,1,3
366,2004,HOU,NL,hidalri01,OF,12500000,2003,1,HOU,NL,141,514,91,159,43,4,28,88,9,7,58,104,8,8,0,5,10
74,2004,ATL,NL,jonesan01,OF,12500000,2003,1,ATL,NL,156,595,101,165,28,2,36,116,4,3,53,125,2,5,0,6,18
527,2004,NYA,AL,giambja01,1B,12428571,2003,1,NYA,AL,156,535,97,134,25,0,41,107,2,1,129,140,9,21,0,5,9
547,2004,NYA,AL,willibe02,OF,12357143,2003,1,NYA,AL,119,445,77,117,19,1,15,64,5,0,71,61,8,3,0,2,21
628,2004,PHI,NL,thomeji01,1B,12166667,2003,1,PHI,NL,159,578,111,154,30,3,47,131,0,3,111,182,11,4,0,5,5
583,2004,OAK,AL,dyeje01,OF,11666667,2003,1,OAK,AL,65,221,28,38,6,0,4,20,1,0,25,42,2,3,0,4,11
277,2004,COL,NL,heltoto01,1B,11600000,2003,1,COL,NL,160,583,135,209,49,5,33,117,0,4,111,72,21,2,0,7,19
123,2004,BOS,AL,garcino01,SS,11500000,2003,1,BOS,AL,156,658,120,198,37,13,28,105,19,5,39,61,1,11,1,10,10
10,2004,ANA,AL,guerrvl01,OF,11000000,2003,1,MON,NL,112,394,71,130,20,3,25,79,9,5,63,53,22,6,0,4,18
415,2004,KCA,AL,sweenmi01,1B,11000000,2003,1,KCA,AL,108,392,62,115,18,1,16,83,3,2,64,56,5,2,0,5,13
606,2004,PHI,NL,abreubo01,OF,10600000,2003,1,PHI,NL,158,577,99,173,35,1,20,101,22,9,109,126,13,2,0,7,13
367,2004,HOU,NL,kentje01,2B,10000000,2003,1,HOU,NL,130,505,77,150,39,1,22,93,6,2,39,85,2,5,0,3,13
8,2004,ANA,AL,glaustr01,3B,9900000,2003,1,ANA,AL,91,319,53,79,17,2,16,50,7,2,46,73,4,1,0,1,8
24,2004,ANA,AL,salmoti01,OF,9900000,2003,1,ANA,AL,148,528,78,145,35,4,19,72,3,1,77,93,3,10,0,6,12
172,2004,CHN,NL,aloumo01,OF,9500000,2003,1,CHN,NL,151,565,83,158,35,1,22,91,3,1,63,67,7,7,0,3,16
750,2004,SLN,NL,edmonji01,OF,9333333,2003,1,SLN,NL,137,447,89,123,32,2,39,89,1,3,77,127,6,4,1,2,11
388,2004,KCA,AL,beltrca01,OF,9000000,2003,1,KCA,AL,141,521,102,160,14,10,26,100,41,4,72,81,4,2,0,7,8
280,2004,COL,NL,johnsch04,C,9000000,2003,1,COL,NL,108,356,49,82,20,0,20,61,1,3,49,84,2,1,1,7,8
537,2004,NYA,AL,posadjo01,C,9000000,2003,1,NYA,AL,142,481,83,135,24,0,30,101,2,4,93,110,6,10,0,4,13
293,2004,COL,NL,wilsopr01,OF,9000000,2003,1,COL,NL,155,600,94,169,43,1,36,141,14,7,54,139,1,4,0,3,23
298,2004,DET,AL,higgibo02,OF,8850000,2003,1,DET,AL,130,469,61,110,13,4,14,52,8,8,59,73,3,3,1,6,12
667,2004,SDN,NL,gilesbr02,OF,8833333,2003,1,PIT,NL,105,388,70,116,30,4,16,70,0,3,85,48,11,6,0,2,8
456,2004,MIL,NL,jenkige01,OF,8737500,2003,1,MIL,NL,124,487,81,144,30,2,28,95,0,0,58,120,10,6,0,3,12
54,2004,ARI,NL,sexsori01,1B,8725000,2003,1,MIL,NL,162,606,97,165,28,2,45,124,2,3,98,151,7,9,0,5,18
761,2004,SLN,NL,rolensc01,3B,8625000,2003,1,SLN,NL,154,559,98,160,49,1,28,104,13,3,82,104,5,9,0,7,19
644,2004,PIT,NL,kendaja01,C,8571429,2003,1,PIT,NL,150,587,84,191,29,3,6,58,8,7,49,40,3,25,1,3,9
678,2004,SDN,NL,nevinph01,OF,8500000,2003,1,SDN,NL,59,226,30,63,8,0,13,46,2,0,21,44,1,0,0,1,9
40,2004,ARI,NL,gonzalu01,OF,8250000,2003,1,ARI,NL,156,579,92,176,46,4,26,104,5,3,94,67,17,3,0,3,19
691,2004,SEA,AL,boonebr01,2B,8000000,2003,1,SEA,AL,159,622,111,183,35,5,35,117,16,3,68,125,3,7,1,7,17
119,2004,BOS,AL,damonjo01,OF,8000000,2003,1,BOS,AL,145,608,103,166,32,6,12,67,30,6,68,74,4,2,6,6,5
156,2004,CHA,AL,konerpa01,1B,8000000,2003,1,CHA,AL,137,444,49,104,19,0,18,65,0,0,43,50,7,4,0,4,28
5,2004,ANA,AL,erstada01,OF,7750000,2003,1,ANA,AL,67,258,35,65,7,1,4,17,9,1,18,40,1,4,2,2,8
323,2004,DET,AL,youngdm01,OF,7750000,2003,1,DET,AL,155,562,78,167,34,7,29,85,2,1,58,130,16,11,0,4,16
707,2004,SEA,AL,olerujo01,1B,7700000,2003,1,SEA,AL,152,539,64,145,35,0,10,83,0,1,84,67,7,6,2,3,20
616,2004,PHI,NL,liebemi01,C,7500000,2003,1,PHI,NL,131,508,68,159,30,1,13,81,0,0,38,59,2,12,0,3,14
790,2004,TBA,AL,martiti02,1B,7500000,2003,1,SLN,NL,138,476,66,130,25,2,15,69,1,1,53,71,7,9,2,7,14
249,2004,CLE,AL,lawtoma02,OF,7250000,2003,1,CLE,AL,99,374,57,93,19,0,15,53,10,3,47,47,0,7,0,1,8
760,2004,SLN,NL,renteed01,SS,7250000,2003,1,SLN,NL,157,587,96,194,47,1,13,100,34,7,65,54,12,1,3,7,21
720,2004,SFN,NL,durhara01,2B,7200000,2003,1,SFN,NL,110,410,61,117,30,5,8,33,7,7,50,82,2,3,4,2,4
38,2004,ARI,NL,finlest01,OF,7000000,2003,1,ARI,NL,147,516,82,148,24,10,22,70,15,8,57,94,4,6,0,3,6
535,2004,NYA,AL,matsuhi01,OF,7000000,2003,1,NYA,AL,163,623,82,179,42,1,16,106,2,2,63,86,5,3,0,6,25
759,2004,SLN,NL,pujolal01,OF,7000000,2003,1,SLN,NL,157,591,137,212,51,1,43,124,5,1,79,65,12,10,0,5,13
313,2004,DET,AL,rodriiv01,C,7000000,2003,1,FLO,NL,144,511,90,152,36,3,16,85,10,6,55,92,6,6,1,5,18
112,2004,BAL,AL,seguida01,1B,7000000,2003,1,BAL,AL,67,224,26,59,10,1,5,25,1,0,26,47,2,1,0,1,8
518,2004,MON,NL,vidrojo01,2B,7000000,2003,1,MON,NL,144,509,77,158,36,0,15,65,3,2,69,50,6,7,2,5,16
665,2004,SDN,NL,cirilje01,3B,6975000,2003,1,SEA,AL,87,258,24,53,11,0,2,23,1,1,24,32,1,5,4,2,6
144,2004,BOS,AL,varitja01,C,6900000,2003,1,BOS,AL,142,451,63,123,31,1,25,85,3,2,51,106,8,7,5,7,10
202,2004,CIN,NL,caseyse01,1B,6800000,2003,1,CIN,NL,147,573,71,167,19,3,14,80,4,0,51,58,4,2,0,3,19
716,2004,SFN,NL,alfoned01,3B,6500000,2003,1,SFN,NL,142,514,56,133,25,2,13,81,5,2,58,41,4,4,3,7,14
356,2004,HOU,NL,berkmla01,OF,6500000,2003,1,HOU,NL,153,538,110,155,35,6,25,93,5,3,107,108,13,9,1,3,10
550,2004,NYN,NL,floydcl01,OF,6500000,2003,1,NYN,NL,108,365,57,106,25,2,18,68,3,0,51,66,2,3,0,6,10
471,2004,MIN,AL,hunteto01,OF,6500000,2003,1,MIN,AL,154,581,83,145,31,4,26,102,6,7,50,106,7,5,0,6,15
157,2004,CHA,AL,leeca01,OF,6500000,2003,1,CHA,AL,158,623,100,181,35,1,31,113,18,4,37,91,2,4,0,7,20
343,2004,FLO,NL,lowelmi01,3B,6500000,2003,1,FLO,NL,130,492,76,136,27,1,32,105,3,1,56,78,6,3,0,6,14
711,2004,SEA,AL,suzukic01,OF,6500000,2003,1,SEA,AL,159,679,111,212,29,8,13,62,34,8,36,69,7,6,3,1,3
0,2004,ANA,AL,anderga01,OF,6200000,2003,1,ANA,AL,159,638,80,201,49,4,29,116,6,3,31,83,10,0,0,4,15
184,2004,CHN,NL,leede02,1B,6166667,2003,1,FLO,NL,155,539,91,146,31,2,31,92,21,8,88,131,7,10,0,6,9
498,2004,MON,NL,cabreor01,SS,6000000,2003,1,MON,NL,162,626,95,186,47,2,17,80,24,2,52,64,3,1,3,9,18
672,2004,SDN,NL,kleskry01,1B,6000000,2003,1,SDN,NL,121,397,47,100,18,0,21,67,2,5,65,83,5,3,0,9,11
100,2004,BAL,AL,lopezja01,C,6000000,2003,1,ATL,NL,129,457,89,150,29,3,43,109,0,1,33,90,5,4,0,1,10
193,2004,CHN,NL,ramirar01,3B,6000000,2003,1,PIT,NL,96,375,44,105,25,1,12,67,1,1,25,68,3,7,0,8,17
167,2004,CHA,AL,thomafr04,1B,6000000,2003,1,CHA,AL,153,546,87,146,35,0,42,105,0,0,100,115,4,12,0,4,11
263,2004,CLE,AL,vizquom01,SS,6000000,2003,1,CLE,AL,64,250,43,61,13,2,2,19,8,3,29,20,0,0,5,1,11
179,2004,CHN,NL,gonzaal01,SS,5750000,2003,1,CHN,NL,152,536,71,122,37,0,20,59,3,3,47,123,1,6,8,4,17
593,2004,OAK,AL,kotsama01,OF,5500000,2003,1,SDN,NL,128,482,64,128,28,4,7,38,6,3,56,82,3,1,1,1,8
491,2004,MIN,AL,stewash01,OF,5500000,2003,1,TOR,AL,71,303,47,89,22,2,7,35,1,2,27,30,2,2,0,8,6
827,2004,TEX,AL,soriaal01,2B,5400000,2003,1,NYA,AL,156,682,114,198,36,5,38,91,35,8,38,130,7,12,0,2,8
749,2004,SLN,NL,cedenro01,OF,5375000,2003,1,NYN,NL,148,484,70,129,25,4,7,37,14,9,38,86,3,1,2,2,8
579,2004,OAK,AL,chaveer01,3B,5325000,2003,1,OAK,AL,156,588,94,166,39,5,29,101,8,3,62,89,10,1,0,3,14
417,2004,LAN,NL,beltrad01,SS,5000000,2003,1,LAN,NL,158,559,50,134,30,2,23,80,2,2,37,103,4,5,1,6,13
114,2004,BAL,AL,tejadmi01,SS,5000000,2003,1,OAK,AL,162,636,98,177,42,0,27,106,10,0,53,65,7,6,0,8,12
169,2004,CHA,AL,valenjo03,SS,5000000,2003,1,CHA,AL,144,503,79,119,26,2,28,74,8,3,54,114,4,3,7,2,6
331,2004,FLO,NL,castilu01,2B,4666667,2003,1,FLO,NL,152,595,99,187,19,6,6,39,21,19,63,60,0,2,15,1,7
138,2004,BOS,AL,ortizda01,1B,4587500,2003,1,BOS,AL,128,448,79,129,39,2,31,101,0,0,58,83,8,1,0,2,9
473,2004,MIN,AL,koskico01,3B,4500000,2003,1,MIN,AL,131,469,76,137,29,2,14,69,11,5,77,113,5,7,0,9,5
137,2004,BOS,AL,nixontr01,OF,4500000,2003,1,BOS,AL,134,441,81,135,24,6,28,87,4,2,65,96,4,3,1,3,3
607,2004,PHI,NL,bellda01,3B,4400000,2003,1,PHI,NL,85,297,32,58,14,0,4,37,0,0,41,40,1,4,0,6,7
472,2004,MIN,AL,jonesja04,OF,4350000,2003,1,MIN,AL,136,517,76,157,33,1,16,69,13,1,21,105,2,4,1,5,10
549,2004,NYN,NL,camermi01,OF,4333333,2003,1,SEA,AL,147,534,74,135,31,5,18,76,17,7,70,137,1,5,1,2,13
608,2004,PHI,NL,burrepa01,OF,4250000,2003,1,PHI,NL,146,522,57,109,31,4,21,64,0,0,72,142,2,4,0,1,18
65,2004,ATL,NL,drewjd01,OF,4200000,2003,1,SLN,NL,100,287,60,83,13,3,15,42,2,2,36,48,0,3,2,0,6
428,2004,LAN,NL,loducpa01,OF,4066667,2003,1,LAN,NL,147,568,64,155,34,2,7,52,0,2,44,54,6,10,7,1,21
32,2004,ARI,NL,bautida01,OF,4000000,2003,1,ARI,NL,88,284,29,78,16,3,4,36,3,2,21,50,2,4,2,3,7
393,2004,KCA,AL,gonzaju03,OF,4000000,2003,1,TEX,AL,82,327,49,96,17,1,24,70,1,1,14,73,1,4,0,1,10
757,2004,SLN,NL,mathemi01,C,4000000,2003,1,SLN,NL,141,441,43,111,18,2,8,47,1,1,44,81,16,2,8,3,11
105,2004,BAL,AL,palmera01,1B,4000000,2003,1,TEX,AL,154,561,92,146,21,2,38,112,2,0,84,77,9,5,0,4,7
624,2004,PHI,NL,polanpl01,3B,3950000,2003,1,PHI,NL,122,492,87,142,30,3,14,63,14,2,42,38,1,8,8,4,16
699,2004,SEA,AL,ibanera01,OF,3916667,2003,1,KCA,AL,157,608,95,179,33,5,18,90,8,4,49,81,5,3,1,10,10
470,2004,MIN,AL,guzmacr01,SS,3725000,2003,1,MIN,AL,143,534,78,143,15,14,3,53,18,9,30,79,0,5,12,4,4
68,2004,ATL,NL,furcara01,SS,3700000,2003,1,ATL,NL,156,664,130,194,35,10,15,61,25,2,60,76,2,3,3,4,1
676,2004,SDN,NL,longte01,OF,3575000,2003,1,OAK,AL,140,486,64,119,22,2,14,61,4,1,31,67,4,3,0,2,9
421,2004,LAN,NL,encarju01,OF,3565000,2003,1,FLO,NL,156,601,80,162,37,6,19,94,19,8,37,82,0,4,5,6,17
736,2004,SFN,NL,pierzaj01,C,3500000,2003,1,MIN,AL,137,487,63,152,35,3,11,74,3,1,24,55,12,15,2,5,13
714,2004,SEA,AL,wilsoda01,C,3500000,2003,1,SEA,AL,96,316,32,76,15,2,4,43,0,0,15,52,0,0,3,3,8
715,2004,SEA,AL,winnra01,OF,3500000,2003,1,SEA,AL,157,600,103,177,37,4,11,75,23,5,41,108,0,8,6,5,9
134,2004,BOS,AL,millake01,OF,3300000,2003,1,BOS,AL,148,544,83,150,30,1,25,96,3,2,60,108,5,5,0,9,14
404,2004,KCA,AL,randajo01,3B,3250000,2003,1,KCA,AL,131,502,80,146,31,1,16,72,1,0,41,61,0,7,9,7,12
447,2004,MIL,NL,counscr01,SS,3166667,2003,1,ARI,NL,89,303,40,71,6,3,3,21,11,4,41,32,0,2,3,2,4
689,2004,SEA,AL,aurilri01,SS,3150000,2003,1,SFN,NL,129,505,65,140,26,1,13,58,2,2,36,82,0,1,0,3,18
533,2004,NYA,AL,loftoke01,OF,3100000,2003,1,PIT,NL,84,339,58,94,19,4,9,26,18,5,28,29,1,2,2,3,2
357,2004,HOU,NL,biggicr01,OF,3000000,2003,1,HOU,NL,153,628,102,166,44,2,15,62,8,4,57,116,3,27,3,2,4
334,2004,FLO,NL,coninje01,OF,3000000,2003,1,BAL,AL,124,493,75,143,33,3,15,80,5,0,37,60,5,5,0,12,14
505,2004,MON,NL,evereca01,OF,3000000,2003,1,TEX,AL,74,270,53,74,13,3,18,51,4,1,31,48,2,5,4,3,2
701,2004,SEA,AL,martied01,OF,3000000,2003,1,SEA,AL,145,497,72,146,25,0,24,98,0,1,92,95,7,7,0,7,17
599,2004,OAK,AL,milleda02,C,3000000,2003,1,CHN,NL,114,352,34,82,19,1,9,36,1,0,39,91,6,1,7,1,15
317,2004,DET,AL,vinafe01,2B,3000000,2003,1,SLN,NL,61,259,35,65,14,4,4,23,4,4,11,24,0,11,3,1,5
670,2004,SDN,NL,hernara02,C,2937500,2003,1,OAK,AL,140,483,70,132,24,1,21,78,0,0,33,79,2,12,2,6,14
340,2004,FLO,NL,gonzaal02,SS,2800000,2003,1,FLO,NL,150,528,52,135,33,6,18,77,0,4,33,106,13,13,3,5,8
477,2004,MIN,AL,mientdo01,OF,2800000,2003,1,MIN,AL,142,487,67,146,38,1,11,65,4,1,74,55,4,5,2,6,9
735,2004,SFN,NL,perezne01,SS,2750000,2003,1,SFN,NL,120,328,27,84,19,4,1,31,3,2,14,23,3,0,9,2,9
319,2004,DET,AL,whitero02,OF,2750000,2003,1,SDN,NL,115,413,49,115,17,3,18,66,1,4,25,71,2,8,0,3,11
787,2004,TBA,AL,huffau01,OF,2666667,2003,1,TBA,AL,162,636,91,198,47,3,34,107,2,3,53,80,17,8,0,9,19
828,2004,TEX,AL,teixema01,OF,2625000,2003,1,TEX,AL,146,529,66,137,29,5,26,84,1,2,44,120,5,14,0,2,14
96,2004,BAL,AL,gibboja01,OF,2600000,2003,1,BAL,AL,160,625,80,173,39,2,23,100,0,1,49,89,11,3,0,5,12
43,2004,ARI,NL,hillesh02,3B,2600000,2003,2,ARI,NL,85,330,40,88,18,1,17,59,0,0,17,44,3,2,0,5,13
219,2004,CIN,NL,larueja01,OF,2600000,2003,1,CIN,NL,118,379,52,87,23,1,16,50,3,3,33,111,4,20,1,4,9
503,2004,MON,NL,diazei01,C,2587500,2003,1,TEX,AL,101,334,30,86,14,1,4,35,3,1,9,32,0,10,4,4,12
710,2004,SEA,AL,spiezsc01,OF,2566667,2003,1,ANA,AL,158,521,69,138,36,7,16,83,6,3,46,66,8,5,2,7,12
778,2004,TBA,AL,cruzjo02,OF,2500000,2003,1,SFN,NL,158,539,90,135,26,1,20,68,5,8,102,121,6,0,2,7,14
181,2004,CHN,NL,grudzma01,2B,2500000,2003,1,CHN,NL,121,481,73,151,38,1,3,38,6,2,30,64,0,11,7,2,12
297,2004,DET,AL,guillca01,SS,2500000,2003,1,SEA,AL,109,388,63,107,19,3,7,52,4,4,52,64,2,1,5,5,12
15,2004,ANA,AL,kennead01,2B,2500000,2003,1,ANA,AL,143,449,71,121,17,1,13,49,22,9,45,73,4,9,2,5,7
677,2004,SDN,NL,loretma01,SS,2500000,2003,1,SDN,NL,154,589,74,185,28,4,13,72,5,4,54,62,2,3,3,4,17
626,2004,PHI,NL,rolliji01,SS,2425000,2003,1,PHI,NL,156,628,85,165,42,6,8,62,20,12,54,113,4,0,5,2,9
349,2004,FLO,NL,pierrju01,OF,2400000,2003,1,FLO,NL,162,668,100,204,28,7,1,41,65,20,55,35,1,5,15,3,9
465,2004,MIL,NL,spiveju01,OF,2367500,2003,1,ARI,NL,106,365,52,93,22,2,13,50,4,3,33,95,1,7,0,3,7
103,2004,BAL,AL,morame01,SS,2333333,2003,1,BAL,AL,96,344,68,109,17,1,15,48,6,3,49,71,0,12,6,2,3
836,2004,TOR,AL,catalfr01,OF,2300000,2003,1,TOR,AL,133,489,83,146,34,6,13,59,2,2,35,62,1,6,2,3,9
588,2004,OAK,AL,hattesc01,1B,2300000,2003,1,OAK,AL,147,541,63,137,34,0,12,61,0,1,66,53,0,9,3,3,14
11,2004,ANA,AL,guilljo01,OF,2200000,2003,1,CIN,NL,91,315,52,106,21,1,23,63,1,3,17,63,1,9,6,2,8
4,2004,ANA,AL,eckstda01,SS,2150000,2003,1,ANA,AL,120,452,59,114,22,1,3,31,16,5,36,45,0,15,10,4,9
408,2004,KCA,AL,santibe01,C,2150000,2003,1,SFN,NL,108,401,53,112,21,2,11,56,0,1,29,69,0,2,0,2,13
726,2004,SFN,NL,grissma02,OF,2125000,2003,1,SFN,NL,149,587,82,176,33,3,20,79,11,3,20,82,0,2,3,6,14
269,2004,COL,NL,castivi02,3B,2100000,2003,1,ATL,NL,147,542,65,150,28,3,22,76,1,2,26,86,3,3,1,6,22
582,2004,OAK,AL,durazer01,1B,2100000,2003,1,OAK,AL,154,537,92,139,29,0,21,77,1,1,100,105,12,2,0,6,11
136,2004,BOS,AL,muellbi02,SS,2100000,2003,1,BOS,AL,146,524,85,171,45,5,19,85,1,4,59,77,2,7,4,6,11
17,2004,ANA,AL,molinbe01,C,2025000,2003,1,ANA,AL,119,409,37,115,24,0,14,71,1,1,13,31,2,2,2,4,17
532,2004,NYA,AL,leetr01,1B,2000000,2003,1,TBA,AL,145,542,75,149,37,3,19,70,6,2,64,97,4,0,1,6,13
762,2004,SLN,NL,sandere02,OF,2000000,2003,1,PIT,NL,130,453,74,129,27,4,31,87,15,5,38,110,4,5,0,2,10
662,2004,PIT,NL,wilsoja02,SS,1850000,2003,1,PIT,NL,150,558,58,143,21,3,9,62,5,5,36,74,3,4,11,6,11
789,2004,TBA,AL,lugoju01,SS,1750000,2003,2,TBA,AL,117,433,58,119,13,4,15,53,10,3,35,88,0,4,7,3,5
703,2004,SEA,AL,mccraqu01,OF,1750000,2003,1,ARI,NL,115,203,17,46,5,2,0,18,5,1,15,34,2,0,5,3,4
197,2004,CHN,NL,walketo04,2B,1750000,2003,1,BOS,AL,144,587,92,166,38,4,13,85,1,1,48,54,0,1,1,10,17
418,2004,LAN,NL,bradlmi01,OF,1730000,2003,1,CLE,AL,101,377,61,121,34,2,10,56,17,7,64,73,8,5,0,5,10
455,2004,MIL,NL,helmswe01,3B,1687500,2003,1,MIL,NL,134,476,56,124,21,0,23,67,0,1,43,131,3,10,0,7,10
98,2004,BAL,AL,hairsje02,2B,1650000,2003,1,BAL,AL,58,218,25,59,12,2,2,21,14,5,23,25,0,6,10,2,8
213,2004,CIN,NL,jimenda01,3B,1615000,2003,2,CIN,NL,73,290,34,84,13,2,7,31,7,4,34,43,0,2,2,3,4
174,2004,CHN,NL,barremi01,C,1550000,2003,1,MON,NL,70,226,33,47,9,2,10,30,0,0,21,37,7,2,2,1,6
496,2004,MON,NL,batisto01,3B,1500000,2003,1,BAL,AL,161,631,76,148,20,1,26,99,4,3,28,102,4,5,0,6,20
775,2004,TBA,AL,blumge01,SS,1500000,2003,1,HOU,NL,123,420,51,110,19,0,10,52,0,0,20,50,1,2,2,5,15
682,2004,SDN,NL,paytoja01,OF,1500000,2003,1,COL,NL,157,600,93,181,32,5,28,89,6,4,43,77,3,7,5,3,27
483,2004,MIN,AL,rivaslu01,2B,1500000,2003,1,MIN,AL,135,475,69,123,16,9,8,43,17,7,30,65,0,5,8,3,20
741,2004,SFN,NL,snowjt01,1B,1500000,2003,1,SFN,NL,103,330,48,90,18,3,8,51,1,2,55,55,0,8,1,2,7
745,2004,SFN,NL,tuckemi01,OF,1500000,2003,1,KCA,AL,104,389,61,102,20,5,13,55,8,10,39,88,3,2,6,2,8
307,2004,DET,AL,munsoer01,3B,1487500,2003,1,DET,AL,99,313,28,75,9,0,18,50,3,0,35,61,1,1,1,7,4
693,2004,SEA,AL,davisbe01,C,1400000,2003,1,SEA,AL,80,246,25,58,18,0,6,42,0,0,18,61,2,0,1,4,5
419,2004,LAN,NL,coraal01,SS,1300000,2003,1,LAN,NL,148,477,39,119,24,3,4,34,4,2,16,59,3,10,9,2,5
267,2004,COL,NL,burnije01,OF,1250000,2003,1,NYN,NL,65,234,38,64,18,0,18,45,1,4,21,55,6,4,0,0,4
510,2004,MON,NL,johnsni01,1B,1250000,2003,1,NYA,AL,96,324,60,92,19,0,14,47,5,2,70,57,4,8,3,1,9
812,2004,TEX,AL,jordabr01,OF,1250000,2003,1,LAN,NL,66,224,28,67,9,0,6,28,1,1,23,30,3,4,0,2,3
615,2004,PHI,NL,ledeeri01,OF,1225000,2003,1,PHI,NL,121,255,37,63,15,2,13,46,0,0,34,59,5,0,1,1,4
439,2004,LAN,NL,venturo01,3B,1200000,2003,1,NYA,AL,89,283,31,71,13,0,9,42,0,0,40,62,2,0,3,0,8
381,2004,HOU,NL,vizcajo01,SS,1200000,2003,1,HOU,NL,91,189,14,47,7,3,3,26,0,1,8,22,3,1,4,1,5
648,2004,PIT,NL,mondera01,OF,1150000,2003,1,NYA,AL,98,361,56,93,23,3,16,49,17,7,38,66,6,2,0,2,6
661,2004,PIT,NL,wilsocr03,OF,1150000,2003,1,PIT,NL,116,309,49,81,15,4,18,48,3,1,35,89,4,13,0,1,6
235,2004,CLE,AL,belliro01,2B,1100000,2003,1,COL,NL,116,447,73,124,31,2,8,50,7,2,49,71,0,2,6,1,7
394,2004,KCA,AL,graffto01,SS,1100000,2003,1,CHA,AL,90,250,51,65,15,3,7,23,8,0,24,37,1,3,3,1,1
29,2004,ARI,NL,alomaro01,2B,1000000,2003,1,NYN,NL,73,263,34,69,17,1,2,22,6,0,29,40,2,2,4,4,8
354,2004,HOU,NL,ausmubr01,C,1000000,2003,1,HOU,NL,143,450,43,103,12,2,4,47,5,3,46,66,1,4,4,5,8
31,2004,ARI,NL,baergca01,3B,1000000,2003,1,ARI,NL,105,207,31,71,13,0,4,39,1,1,18,20,1,2,1,3,6
692,2004,SEA,AL,cabrejo02,SS,1000000,2003,1,LAN,NL,128,347,43,98,32,2,6,37,6,4,17,62,3,10,3,3,10
203,2004,CIN,NL,castrju01,SS,1000000,2003,1,CIN,NL,113,320,28,81,14,1,9,33,2,3,18,58,1,0,7,3,7
811,2004,TEX,AL,fullmbr01,1B,1000000,2003,1,ANA,AL,63,206,32,63,9,2,9,35,5,4,26,31,4,2,0,1,4
183,2004,CHN,NL,hollato01,OF,1000000,2003,1,FLO,NL,93,228,32,58,23,3,3,20,2,3,22,55,4,0,2,2,2
797,2004,TBA,AL,sanchre01,SS,1000000,2003,1,NYN,NL,56,174,11,36,3,1,0,12,1,1,8,18,2,0,0,1,7
543,2004,NYA,AL,sierrru01,OF,1000000,2003,2,NYA,AL,63,174,19,48,8,1,6,31,1,0,13,20,2,0,0,2,7
410,2004,KCA,AL,stairma01,OF,1000000,2003,1,PIT,NL,121,305,49,89,20,1,20,57,0,1,45,64,3,5,0,2,7
829,2004,TEX,AL,younger01,OF,1000000,2003,1,MIL,NL,109,404,71,105,18,1,15,31,25,7,48,34,2,4,2,1,9
575,2004,NYN,NL,zeileto01,3B,1000000,2003,1,NYA,AL,66,186,29,39,8,0,6,23,0,0,24,36,0,0,0,4,3
102,2004,BAL,AL,matoslu01,OF,975000,2003,1,BAL,AL,109,439,70,133,23,3,13,45,15,7,28,90,0,7,10,2,9
433,2004,LAN,NL,roberda07,OF,975000,2003,1,LAN,NL,107,388,56,97,6,5,2,16,40,14,43,39,1,4,5,0,0
521,2004,NYA,AL,cairomi01,SS,900000,2003,1,SLN,NL,92,261,41,64,15,2,5,32,4,1,13,30,1,6,3,7,6
844,2004,TOR,AL,hinsker01,3B,900000,2003,1,TOR,AL,124,449,74,109,45,3,12,63,12,2,59,104,1,1,0,5,11
187,2004,CHN,NL,martira03,SS,900000,2003,1,CHN,NL,108,293,30,83,16,1,3,34,0,1,24,50,1,2,6,8,8
851,2004,TOR,AL,myersgr01,C,900000,2003,1,TOR,AL,121,329,51,101,19,0,15,52,0,3,37,57,2,0,0,3,14
405,2004,KCA,AL,relafde01,SS,900000,2003,1,KCA,AL,141,500,70,127,27,5,8,59,20,4,40,70,1,6,8,3,10
855,2004,TOR,AL,wellsve01,OF,870000,2003,1,TOR,AL,161,678,118,215,49,5,33,117,4,1,42,80,2,7,0,8,21
173,2004,CHN,NL,bakopa01,C,865000,2003,1,CHN,NL,70,188,19,43,13,3,0,17,0,1,22,47,3,1,1,1,2
723,2004,SFN,NL,felizpe01,OF,850000,2003,1,SFN,NL,95,235,31,58,9,3,16,48,2,2,10,53,0,1,1,2,7
162,2004,CHA,AL,perezti01,OF,850000,2003,1,NYN,NL,127,346,32,93,21,0,4,42,5,6,18,29,1,2,7,9,5
135,2004,BOS,AL,mirabdo01,C,825000,2003,1,BOS,AL,62,163,23,42,13,0,6,18,0,0,11,36,0,1,0,1,3
834,2004,TOR,AL,bergda01,SS,800000,2003,1,TOR,AL,61,161,26,41,6,1,4,18,0,1,11,34,0,0,1,1,7
779,2004,TBA,AL,fickro01,1B,800000,2003,1,ATL,NL,126,409,52,110,26,1,11,80,1,0,42,47,4,2,0,7,9
553,2004,NYN,NL,garcika01,OF,800000,2003,2,NYA,AL,52,151,17,46,5,0,6,21,0,2,9,32,1,0,0,1,4
49,2004,ARI,NL,maynebr01,C,800000,2003,1,KCA,AL,113,372,39,91,17,1,6,36,0,2,32,59,5,3,4,3,10
796,2004,TBA,AL,rollsda01,OF,800000,2003,1,TBA,AL,107,373,43,95,20,0,7,46,11,3,19,84,1,7,2,3,5
655,2004,PIT,NL,simonra01,1B,800000,2003,1,PIT,NL,91,307,34,84,14,0,10,51,0,0,12,30,1,2,0,0,6
113,2004,BAL,AL,surhobj01,OF,800000,2003,1,BAL,AL,93,319,32,94,20,0,5,41,2,2,29,29,3,1,3,2,4
856,2004,TOR,AL,woodwch01,SS,775000,2003,1,TOR,AL,104,349,49,91,22,2,7,45,1,2,28,72,0,3,0,6,6
467,2004,MIN,AL,blanche01,C,750000,2003,1,ATL,NL,55,151,11,30,8,0,1,13,0,0,10,21,2,1,3,1,3
118,2004,BOS,AL,burksel01,OF,750000,2003,1,CLE,AL,55,198,27,52,11,1,6,28,1,1,27,46,2,3,0,0,4
522,2004,NYA,AL,clarkto02,OF,750000,2003,1,NYN,NL,125,254,29,59,13,0,16,43,0,0,24,73,2,1,0,1,8
808,2004,TEX,AL,delluda01,OF,750000,2003,1,ARI,NL,70,165,18,40,11,3,2,19,9,0,19,45,1,3,1,2,4
67,2004,ATL,NL,francju01,1B,750000,2003,1,ATL,NL,103,197,28,58,12,2,5,31,0,1,25,43,5,0,0,1,8
841,2004,TOR,AL,gomezch02,SS,750000,2003,1,MIN,AL,58,175,14,44,9,3,1,15,2,1,7,13,1,0,2,1,10
697,2004,SEA,AL,hanseda01,3B,750000,2003,1,SDN,NL,110,135,13,33,4,1,2,15,1,0,23,25,3,1,0,0,4
126,2004,BOS,AL,kaplega01,OF,750000,2003,2,BOS,AL,68,158,29,46,11,1,4,23,4,2,14,23,0,0,0,0,5
185,2004,CHN,NL,maciajo01,OF,750000,2003,1,MON,NL,111,272,31,65,15,2,4,22,4,3,11,45,1,2,2,1,5
377,2004,HOU,NL,palmeor01,OF,750000,2003,1,SLN,NL,141,317,37,86,13,1,3,33,3,3,32,31,3,2,7,6,1
795,2004,TBA,AL,perezed01,OF,750000,2003,1,SLN,NL,105,253,47,72,16,0,11,41,5,2,29,53,1,4,1,2,7
623,2004,PHI,NL,perezto03,SS,750000,2003,1,PHI,NL,125,298,39,79,18,1,5,33,0,1,23,54,11,0,4,2,7
657,2004,PIT,NL,stynech01,3B,750000,2003,1,COL,NL,138,443,71,113,31,3,11,73,3,1,48,76,1,6,3,2,8
64,2004,ATL,NL,derosma01,SS,725000,2003,1,ATL,NL,103,266,40,70,14,0,6,22,1,0,16,49,0,5,0,1,6
574,2004,NYN,NL,wilsova01,C,715000,2003,1,NYN,NL,96,268,28,65,9,1,8,39,1,2,15,56,1,5,2,2,6
149,2004,CHA,AL,alomasa02,C,700000,2003,1,CHA,AL,75,194,22,52,12,0,5,26,0,0,4,17,0,0,5,1,4
453,2004,MIL,NL,grievbe01,OF,700000,2003,1,TBA,AL,55,165,28,38,7,0,4,17,0,0,32,41,1,6,0,2,3
217,2004,CIN,NL,larkiba01,SS,700000,2003,1,CIN,NL,70,241,39,68,16,1,2,18,2,0,22,32,0,1,1,0,7
548,2004,NYA,AL,wilsoen01,SS,700000,2003,1,NYA,AL,63,135,18,31,9,0,3,15,3,1,7,14,0,2,2,1,3
663,2004,SDN,NL,buchabr01,OF,650000,2003,1,SDN,NL,115,198,29,52,10,2,8,29,6,2,24,51,1,3,0,3,8
271,2004,COL,NL,claytro01,SS,650000,2003,1,MIL,NL,146,483,49,110,16,1,11,39,5,2,49,92,10,3,4,4,25
780,2004,TBA,AL,fordybr01,C,650000,2003,1,BAL,AL,108,348,28,95,12,2,6,31,2,3,19,44,1,1,6,2,10
180,2004,CHN,NL,goodwto01,OF,650000,2003,1,CHN,NL,87,171,26,49,10,0,1,12,19,5,11,33,0,0,1,1,3
278,2004,COL,NL,hockide01,SS,650000,2003,1,MIN,AL,83,188,22,45,10,2,3,22,0,1,15,37,0,0,3,3,3
650,2004,PIT,NL,nunezab01,SS,625000,2003,1,PIT,NL,118,311,37,77,8,7,4,35,9,3,26,53,1,3,9,2,8
79,2004,ATL,NL,perezed02,C,625000,2003,1,MIL,NL,107,350,26,95,17,1,11,45,0,1,17,47,3,0,6,2,16
748,2004,SLN,NL,anderma02,OF,600000,2003,1,TBA,AL,145,482,59,130,27,3,6,67,19,3,41,60,5,3,4,5,6
443,2004,MIL,NL,bennega01,C,600000,2003,1,SDN,NL,96,307,26,73,15,0,2,42,3,0,24,48,3,2,3,2,8
336,2004,FLO,NL,cordewi01,OF,600000,2003,1,MON,NL,130,436,57,121,27,0,16,71,1,1,49,90,5,4,0,3,11
594,2004,OAK,AL,mclemma01,SS,600000,2003,1,SEA,AL,99,309,34,72,15,2,2,37,5,5,38,71,0,2,0,3,4
308,2004,DET,AL,nortogr01,OF,600000,2003,1,COL,NL,114,179,19,47,15,0,6,31,2,1,16,47,0,1,0,1,4
13,2004,ANA,AL,haltesh01,SS,575000,2003,1,DET,AL,114,360,33,78,5,2,12,30,2,3,27,77,0,0,3,3,11
631,2004,PHI,NL,wootesh01,C,575000,2003,1,ANA,AL,98,272,25,66,8,0,7,32,0,4,24,45,5,1,0,3,7
255,2004,CLE,AL,merlolo01,OF,560000,2003,1,SDN,NL,65,151,20,41,7,2,1,17,2,3,22,33,2,1,2,3,3
804,2004,TEX,AL,blaloha01,3B,550000,2003,1,TEX,AL,143,567,89,170,33,3,29,90,2,3,44,97,1,1,0,3,16
37,2004,ARI,NL,estalbo02,C,550000,2003,1,COL,NL,46,140,17,28,7,0,7,21,2,0,19,55,0,1,2,3,4
611,2004,PHI,NL,glanvdo01,OF,550000,2003,1,TEX,AL,52,195,22,53,5,0,4,14,4,0,6,25,1,0,2,0,2
276,2004,COL,NL,greento02,C,550000,2003,1,TEX,AL,62,205,25,47,10,1,10,20,0,0,2,47,0,2,0,1,2
590,2004,OAK,AL,karroer01,1B,550000,2003,1,CHN,NL,114,336,37,96,16,1,12,40,1,1,28,46,1,0,0,1,14
564,2004,NYN,NL,spencsh01,OF,537500,2003,1,CLE,AL,64,210,23,57,10,0,8,26,2,0,18,52,0,1,0,3,6
802,2004,TEX,AL,barajro01,C,500000,2003,1,ARI,NL,80,220,19,48,15,0,3,28,0,0,14,43,7,1,1,3,6
120,2004,BOS,AL,daubabr01,OF,500000,2003,1,CHA,AL,95,183,26,42,11,0,6,21,1,0,34,54,1,1,0,1,3
558,2004,NYN,NL,mcewijo01,SS,500000,2003,1,NYN,NL,119,278,31,67,11,0,1,16,3,0,25,57,4,3,6,1,6
104,2004,BAL,AL,osikke01,C,500000,2003,1,MIL,NL,80,241,22,60,12,0,2,21,0,1,31,44,0,3,0,0,7
411,2004,KCA,AL,stinnke01,C,500000,2003,1,CIN,NL,60,179,14,41,13,0,3,19,0,0,13,51,3,4,2,1,3
229,2004,CIN,NL,valenja01,C,500000,2003,1,TBA,AL,49,135,13,30,7,1,3,15,0,0,5,31,0,1,0,1,7
116,2004,BOS,AL,bellhma01,SS,490000,2003,1,CHN,NL,51,139,15,29,7,1,2,22,3,3,29,46,1,1,0,4,2
191,2004,CHN,NL,patteco01,OF,480000,2003,1,CHN,NL,83,329,49,98,17,7,13,55,16,5,15,77,2,1,0,2,5
248,2004,CLE,AL,lakerti01,C,450000,2003,1,CLE,AL,52,162,17,39,11,0,3,21,2,2,9,38,1,0,5,0,4
595,2004,OAK,AL,mcmilbi01,OF,450000,2003,1,OAK,AL,66,153,15,41,11,0,6,26,0,0,19,36,1,2,0,1,3
684,2004,SDN,NL,robinke02,OF,450000,2003,1,SLN,NL,116,208,19,52,6,3,1,16,6,1,8,27,3,1,4,0,3
831,2004,TEX,AL,youngmi02,SS,450000,2003,1,TEX,AL,160,666,106,204,33,9,14,72,13,2,36,103,1,1,3,7,14
204,2004,CIN,NL,dunnad01,OF,445000,2003,1,CIN,NL,116,381,70,82,12,1,27,57,8,2,74,126,8,10,0,4,4
70,2004,ATL,NL,gilesma01,2B,430000,2003,1,ATL,NL,145,551,101,174,49,2,21,69,14,4,59,80,2,11,10,4,7
341,2004,FLO,NL,harrile01,OF,400000,2003,1,CHN,NL,75,131,11,24,3,0,1,7,1,0,13,20,3,0,1,1,1
216,2004,CIN,NL,kearnau01,OF,400000,2003,1,CIN,NL,82,292,39,77,11,0,15,58,5,2,41,68,1,5,0,0,7
463,2004,MIL,NL,podsesc01,OF,400000,2003,1,MIL,NL,154,558,100,175,29,8,9,58,43,10,56,91,2,4,8,2,11
53,2004,ARI,NL,sadledo01,SS,400000,2003,1,TEX,AL,77,131,27,26,5,2,1,5,4,3,13,34,0,2,2,2,1
315,2004,DET,AL,sanchal03,OF,385000,2003,2,DET,AL,101,394,43,114,13,5,1,22,44,18,18,46,0,1,7,3,4
452,2004,MIL,NL,ginteke01,SS,383333,2003,1,MIL,NL,127,358,51,92,15,2,14,44,1,1,37,87,1,17,0,3,8
363,2004,HOU,NL,ensbemo01,3B,380000,2003,1,HOU,NL,127,385,69,112,15,1,25,60,7,2,48,60,1,6,1,1,10
446,2004,MIL,NL,clarkbr02,OF,376000,2003,1,MIL,NL,128,315,33,86,21,1,6,40,13,2,21,40,0,9,2,7,12
2,2004,ANA,AL,davanje02,OF,375000,2003,1,ANA,AL,123,330,56,93,16,1,12,43,17,5,42,59,0,1,4,5,6
519,2004,MON,NL,wilkebr01,OF,375000,2003,1,MON,NL,146,504,78,135,34,4,19,77,13,10,89,155,0,4,2,3,5
389,2004,KCA,AL,berroan01,SS,372500,2003,1,KCA,AL,158,567,92,163,28,7,17,73,21,5,29,100,3,18,13,8,13
364,2004,HOU,NL,everead01,SS,370000,2003,1,HOU,NL,128,387,51,99,18,3,8,51,8,1,28,66,6,9,11,1,7
460,2004,MIL,NL,moellch01,C,370000,2003,1,ARI,NL,78,239,29,64,17,1,7,29,1,2,23,59,11,2,3,2,7
427,2004,LAN,NL,izturce01,SS,358500,2003,1,LAN,NL,158,558,47,140,21,6,1,40,10,5,25,70,8,0,7,3,8
609,2004,PHI,NL,byrdma01,OF,355000,2003,1,PHI,NL,135,495,86,150,28,4,7,45,11,1,44,94,3,7,4,3,8
237,2004,CLE,AL,blakeca01,3B,352400,2003,1,CLE,AL,152,557,80,143,35,0,17,67,7,9,38,109,1,10,8,8,11
515,2004,MON,NL,schnebr01,C,350000,2003,1,MON,NL,108,335,34,77,26,1,9,46,0,2,37,75,8,2,1,2,12
168,2004,CHA,AL,uribeju01,SS,350000,2003,1,COL,NL,87,316,45,80,19,3,10,33,7,2,17,60,0,3,6,1,3
591,2004,OAK,AL,kieltbo01,OF,347500,2003,1,MIN,AL,75,238,40,60,13,0,9,32,6,2,42,56,2,3,0,1,5
226,2004,CIN,NL,penawi01,OF,345000,2003,1,CIN,NL,80,165,20,36,6,1,5,16,3,2,12,53,2,3,1,0,2
110,2004,BAL,AL,roberbr01,SS,345000,2003,1,BAL,AL,112,460,65,124,22,4,5,41,23,6,46,58,1,1,4,1,9
733,2004,SFN,NL,mohrdu01,OF,342500,2003,1,MIN,AL,121,348,50,87,22,0,10,36,5,2,33,106,0,1,2,3,10
686,2004,SDN,NL,vazqura01,SS,342500,2003,1,SDN,NL,116,422,56,110,17,4,3,30,10,3,52,88,2,2,5,3,4
852,2004,TOR,AL,phelpjo01,1B,342000,2003,1,TOR,AL,119,396,57,106,18,1,20,66,1,2,39,115,3,17,0,1,12
89,2004,BAL,AL,bigbila01,OF,340000,2003,1,BAL,AL,83,287,43,87,15,1,9,31,7,1,29,60,3,0,1,2,2
664,2004,SDN,NL,burrose01,3B,340000,2003,1,SDN,NL,146,517,62,148,27,6,7,58,7,2,44,75,4,11,2,4,13
152,2004,CHA,AL,credejo01,3B,340000,2003,1,CHA,AL,151,536,68,140,31,2,19,75,1,1,32,75,1,6,2,4,11
300,2004,DET,AL,ingebr01,C,340000,2003,1,DET,AL,104,330,32,67,15,3,8,30,4,4,24,79,0,5,4,3,8
474,2004,MIN,AL,lecroma01,C,340000,2003,1,MIN,AL,107,345,39,99,19,0,17,64,0,1,25,82,1,4,0,0,8
164,2004,CHA,AL,rowanaa01,OF,340000,2003,1,CHA,AL,93,157,22,45,8,0,6,24,0,0,7,21,0,3,2,1,1
34,2004,ARI,NL,cintral01,SS,335000,2003,1,ARI,NL,117,448,70,142,26,6,13,51,2,3,29,33,0,2,5,3,7
645,2004,PIT,NL,mackoro01,OF,335000,2003,1,PIT,NL,77,174,20,47,4,4,6,19,6,0,15,53,2,4,0,0,1
306,2004,DET,AL,monrocr01,OF,335000,2003,1,DET,AL,128,425,51,102,18,1,23,70,4,2,27,89,2,2,1,3,10
744,2004,SFN,NL,torreyo01,OF,334000,2003,1,SFN,NL,66,200,22,52,10,2,4,29,1,0,14,39,1,2,3,2,3
310,2004,DET,AL,penaca01,1B,330000,2003,1,DET,AL,131,452,51,112,21,6,18,50,4,5,53,123,1,6,1,4,6
578,2004,OAK,AL,byrneer01,OF,328000,2003,1,OAK,AL,121,414,64,109,27,9,12,51,10,2,42,71,4,2,0,2,3
462,2004,MIL,NL,overbly01,1B,326000,2003,1,ARI,NL,86,254,23,70,20,0,4,28,1,0,35,67,7,2,0,2,8
245,2004,CLE,AL,gerutjo01,OF,325600,2003,1,CLE,AL,127,480,66,134,33,2,22,75,4,5,35,70,4,7,1,2,13
690,2004,SEA,AL,bloomwi01,SS,325000,2003,1,SEA,AL,89,196,30,49,7,2,1,14,4,1,19,39,1,1,2,2,6
254,2004,CLE,AL,mcdonjo03,SS,324400,2003,1,CLE,AL,82,214,21,46,9,1,1,14,3,3,11,31,0,2,4,2,4
238,2004,CLE,AL,brousbe01,1B,324100,2003,1,CLE,AL,116,386,53,96,21,3,16,55,5,2,32,75,2,5,3,3,6
584,2004,OAK,AL,ellisma01,2B,323500,2003,1,OAK,AL,154,553,78,137,31,5,9,52,6,2,48,94,4,7,9,5,7
845,2004,TOR,AL,hudsoor01,2B,322000,2003,1,TOR,AL,142,474,54,127,21,6,9,57,5,4,39,87,1,5,0,3,13
225,2004,CIN,NL,olmedra01,SS,322000,2003,1,CIN,NL,79,230,24,55,6,1,0,17,1,1,13,46,0,0,7,0,4
653,2004,PIT,NL,redmati01,OF,321000,2003,1,PIT,NL,56,230,36,76,16,5,3,19,7,3,14,18,0,2,2,0,1
774,2004,TBA,AL,baldero01,OF,320000,2003,1,TBA,AL,156,637,89,184,32,8,11,78,27,10,30,128,4,8,3,6,10
330,2004,FLO,NL,cabremi01,OF,320000,2003,1,FLO,NL,87,314,39,84,21,3,12,62,0,2,25,84,3,2,4,1,12
777,2004,TBA,AL,crawfca02,OF,320000,2003,1,TBA,AL,151,630,80,177,18,9,5,54,55,10,26,102,4,1,1,3,5
7,2004,ANA,AL,figgich01,SS,320000,2003,1,ANA,AL,71,240,34,71,9,4,0,27,13,7,20,38,0,0,6,4,1
205,2004,CIN,NL,freelry01,OF,320000,2003,1,CIN,NL,43,137,23,39,6,1,4,12,9,4,9,13,1,4,2,1,2
396,2004,KCA,AL,guielaa01,OF,320000,2003,1,KCA,AL,99,354,63,98,30,0,15,52,3,5,27,63,0,13,2,5,3
785,2004,TBA,AL,hallto02,C,320000,2003,1,TBA,AL,130,463,50,117,23,0,12,47,0,1,23,40,4,7,0,5,14
160,2004,CHA,AL,olivomi01,C,320000,2003,1,CHA,AL,114,317,37,75,19,1,6,27,6,4,19,80,0,4,4,2,3
240,2004,CLE,AL,crispco01,OF,319400,2003,1,CLE,AL,99,414,55,110,15,6,3,27,15,9,23,51,1,0,7,3,4
154,2004,CHA,AL,harriwi01,OF,318500,2003,1,CHA,AL,79,137,19,28,3,1,0,5,12,2,10,28,0,0,3,0,1
846,2004,TOR,AL,johnsre02,OF,318000,2003,1,TOR,AL,114,412,79,121,21,2,10,52,5,3,20,67,1,20,1,4,10
560,2004,NYN,NL,phillja04,C,318000,2003,1,NYN,NL,119,403,45,120,25,0,11,58,0,1,39,50,3,10,0,1,21
397,2004,KCA,AL,harveke01,1B,317500,2003,1,KCA,AL,135,485,50,129,30,0,13,64,2,3,29,94,4,5,3,2,15
234,2004,CLE,AL,bardjo01,C,316700,2003,1,CLE,AL,91,303,25,74,13,1,8,36,0,2,22,53,1,0,1,3,9
246,2004,CLE,AL,hafnetr01,1B,316300,2003,1,CLE,AL,91,291,35,74,19,3,14,40,2,1,22,81,2,10,0,1,7
573,2004,NYN,NL,wiggity01,3B,316000,2003,1,NYN,NL,156,573,73,146,36,6,11,71,12,2,46,124,2,9,1,4,15
41,2004,ARI,NL,hammoro01,OF,315000,2003,1,ARI,NL,65,195,30,55,10,2,8,28,3,2,17,44,3,2,0,2,5
45,2004,ARI,NL,katama01,SS,315000,2003,1,ARI,NL,78,288,42,74,16,5,7,29,3,2,25,53,0,1,5,3,4
499,2004,MON,NL,calloro01,OF,312500,2003,1,MON,NL,126,340,36,81,17,1,9,52,9,2,20,80,1,2,4,3,13
514,2004,MON,NL,riverju01,OF,312000,2003,1,NYA,AL,57,173,22,46,14,0,7,26,0,0,10,27,1,0,1,1,8
500,2004,MON,NL,carroja01,SS,310000,2003,1,MON,NL,105,227,31,59,10,1,1,10,5,2,19,39,0,3,9,2,10
333,2004,FLO,NL,choihe01,1B,310000,2003,1,CHN,NL,80,202,31,44,17,0,8,28,1,1,37,71,1,4,2,0,2
454,2004,MIL,NL,hallbi03,SS,310000,2003,1,MIL,NL,52,142,23,37,9,2,5,20,1,2,7,28,0,1,4,1,5
562,2004,NYN,NL,reyesjo01,SS,307500,2003,1,NYN,NL,69,274,47,84,12,4,5,32,13,3,13,36,0,0,2,3,1
299,2004,DET,AL,infanom01,SS,305000,2003,1,DET,AL,69,221,24,49,6,1,0,8,6,3,18,37,0,0,3,2,1
679,2004,SDN,NL,ojedami01,C,305000,2003,1,SDN,NL,61,141,13,33,6,0,4,22,1,1,18,26,2,3,0,1,2
252,2004,CLE,AL,ludwiry01,OF,304700,2003,2,CLE,AL,39,136,14,36,7,1,7,26,2,0,8,39,1,0,1,0,1
253,2004,CLE,AL,martivi01,C,304500,2003,1,CLE,AL,49,159,15,46,4,0,1,16,1,1,13,21,0,1,0,1,8
820,2004,TEX,AL,nixla01,OF,300000,2003,1,TEX,AL,53,184,25,47,10,0,8,30,3,0,9,53,0,0,1,1,1
769,2004,SLN,NL,womacto01,SS,300000,2003,1,ARI,NL,61,219,30,52,10,3,2,15,8,3,8,27,0,2,1,1,6